year,region_id,region_name,region_ons_code,road_category_id,road_category_name,link_length_km,link_length_miles,all_motor_vehicles
1993,1,South West,E12000009,1,TM,301.34,187.24,3465800000
1993,1,South West,E12000009,3,TA,993.59,617.39,3484700000
1993,1,South West,E12000009,4,PA,3874.92,2407.76,7794000000
1993,1,South West,E12000009,5,M,43581.7,27080.41,9112000000
1993,2,East Midlands,E12000004,1,TM,178.61,110.98,2736700000
1993,2,East Midlands,E12000004,3,TA,1219.23,757.59,4936700000
1993,2,East Midlands,E12000004,4,PA,2571.21,1597.68,5535700000
1993,2,East Midlands,E12000004,5,M,26712.7,16598.5,7083400000
1993,3,Scotland,S92000003,1,TM,335.26,208.32,2485500000
1993,3,Scotland,S92000003,3,TA,2820.3,1752.45,5052900000
1993,3,Scotland,S92000003,4,PA,7405.48,4601.55,6514400000
1993,3,Scotland,S92000003,5,M,47971.6,29808.17,7656400000
1993,4,Wales,W92000004,1,TM,130.29,80.96,1306600000
1993,4,Wales,W92000004,3,TA,1509.64,938.05,3123900000
1993,4,Wales,W92000004,4,PA,2581.18,1603.87,4010900000
1993,4,Wales,W92000004,5,M,28322.4,17598.72,5286200000
1993,5,North West,E12000002,1,TM,553.44,343.89,7185000000
1993,5,North West,E12000002,2,PM,38.64,24.01,300400000
1993,5,North West,E12000002,3,TA,826.38,513.49,2689100000
1993,5,North West,E12000002,4,PA,3128.24,1943.8,8498000000
1993,5,North West,E12000002,5,M,31405.9,19514.72,10232700000
1993,6,London,E12000007,1,TM,65.74,40.85,1245300000
1993,6,London,E12000007,3,TA,339.48,210.94,3913300000
1993,6,London,E12000007,4,PA,1371.72,852.35,7035500000
1993,6,London,E12000007,5,M,12573.5,7812.81,6889500000
1993,7,East of England,E12000006,1,TM,243.52,151.32,3923000000
1993,7,East of England,E12000006,3,TA,1134.76,705.11,5738100000
1993,7,East of England,E12000006,4,PA,2719.34,1689.72,7494000000
1993,7,East of England,E12000006,5,M,34610.8,21506.15,11083400000
1993,8,Yorkshire and the Humber,E12000003,1,TM,333.61,207.3,3852900000
1993,8,Yorkshire and the Humber,E12000003,2,PM,5.61,3.49,78800000
1993,8,Yorkshire and the Humber,E12000003,3,TA,703.57,437.18,2966700000
1993,8,Yorkshire and the Humber,E12000003,4,PA,2559.1,1590.15,6365600000
1993,8,Yorkshire and the Humber,E12000003,5,M,27494.7,17084.41,7847700000
1993,9,South East,E12000008,1,TM,594.2,369.22,9617900000
1993,9,South East,E12000008,2,PM,17,10.56,216700000
1993,9,South East,E12000008,3,TA,855.6,531.65,5543600000
1993,9,South East,E12000008,4,PA,4269.65,2653.04,12858700000
1993,9,South East,E12000008,5,M,40851.1,25383.7,15597600000
1993,10,West Midlands,E12000005,1,TM,351.96,218.7,5280300000
1993,10,West Midlands,E12000005,2,PM,6.9,4.29,146400000
1993,10,West Midlands,E12000005,3,TA,839.79,521.82,3257900000
1993,10,West Midlands,E12000005,4,PA,2658.79,1652.1,6580000000
1993,10,West Midlands,E12000005,5,M,27956.1,17371.12,9927700000
1993,11,North East,E12000001,1,TM,51.27,31.86,473500000
1993,11,North East,E12000001,2,PM,3.85,2.39,54500000
1993,11,North East,E12000001,3,TA,437.35,271.76,1961500000
1993,11,North East,E12000001,4,PA,1301.91,808.97,3108400000
1993,11,North East,E12000001,5,M,14025.9,8715.29,4664300000
1994,1,South West,E12000009,1,TM,304.28,189.07,3609700000
1994,1,South West,E12000009,3,TA,991.22,615.92,3592500000
1994,1,South West,E12000009,4,PA,3882.15,2412.26,8028700000
1994,1,South West,E12000009,5,M,43659.6,27128.82,9272600000
1994,2,East Midlands,E12000004,1,TM,180.35,112.06,2842400000
1994,2,East Midlands,E12000004,3,TA,1215.79,755.46,5056700000
1994,2,East Midlands,E12000004,4,PA,2575.86,1600.57,5668800000
1994,2,East Midlands,E12000004,5,M,26764.2,16630.5,7198700000
1994,3,Scotland,S92000003,1,TM,338.54,210.36,2577100000
1994,3,Scotland,S92000003,3,TA,2813.7,1748.35,5192600000
1994,3,Scotland,S92000003,4,PA,7419.72,4610.4,6678700000
1994,3,Scotland,S92000003,5,M,48054.2,29859.5,7774900000
1994,4,Wales,W92000004,1,TM,131.56,81.75,1350400000
1994,4,Wales,W92000004,3,TA,1506.14,935.87,3217900000
1994,4,Wales,W92000004,4,PA,2585.94,1606.83,4111200000
1994,4,Wales,W92000004,5,M,28370.8,17628.8,5374900000
1994,5,North West,E12000002,1,TM,558.84,347.25,7370100000
1994,5,North West,E12000002,2,PM,38.64,24.01,305500000
1994,5,North West,E12000002,3,TA,823.65,511.79,2750800000
1994,5,North West,E12000002,4,PA,3133.1,1946.82,8658600000
1994,5,North West,E12000002,5,M,31478.1,19559.58,10352600000
1994,6,London,E12000007,1,TM,66.39,41.25,1311700000
1994,6,London,E12000007,3,TA,335.84,208.68,3942900000
1994,6,London,E12000007,4,PA,1373.23,853.29,7155100000
1994,6,London,E12000007,5,M,12609,7834.87,6938900000
1994,7,East of England,E12000006,1,TM,245.9,152.8,4120100000
1994,7,East of England,E12000006,3,TA,1131.75,703.24,5888900000
1994,7,East of England,E12000006,4,PA,2724.14,1692.7,7672800000
1994,7,East of England,E12000006,5,M,34675.8,21546.54,11278300000
1994,8,Yorkshire and the Humber,E12000003,1,TM,336.87,209.32,3964100000
1994,8,Yorkshire and the Humber,E12000003,2,PM,5.61,3.49,80200000
1994,8,Yorkshire and the Humber,E12000003,3,TA,701.29,435.76,3051600000
1994,8,Yorkshire and the Humber,E12000003,4,PA,2563.36,1592.8,6517900000
1994,8,Yorkshire and the Humber,E12000003,5,M,27552.3,17120.21,7962400000
1994,9,South East,E12000008,1,TM,599.99,372.82,10029900000
1994,9,South East,E12000008,2,PM,17,10.56,224600000
1994,9,South East,E12000008,3,TA,853.11,530.1,5662600000
1994,9,South East,E12000008,4,PA,4277.03,2657.62,13124700000
1994,9,South East,E12000008,5,M,40935.6,25436.2,15843200000
1994,10,West Midlands,E12000005,1,TM,355.4,220.84,5473500000
1994,10,West Midlands,E12000005,2,PM,6.9,4.29,149300000
1994,10,West Midlands,E12000005,3,TA,837.02,520.1,3332500000
1994,10,West Midlands,E12000005,4,PA,2663.25,1654.87,6715600000
1994,10,West Midlands,E12000005,5,M,28012.5,17406.16,10058400000
1994,11,North East,E12000001,1,TM,51.77,32.17,496100000
1994,11,North East,E12000001,2,PM,3.85,2.39,55500000
1994,11,North East,E12000001,3,TA,436,270.92,2008500000
1994,11,North East,E12000001,4,PA,1304.13,810.35,3171200000
1994,11,North East,E12000001,5,M,14055.7,8733.81,4716900000
1995,1,South West,E12000009,1,TM,306.89,190.69,3778900000
1995,1,South West,E12000009,3,TA,991.74,616.24,3688100000
1995,1,South West,E12000009,4,PA,3902.34,2424.8,8265300000
1995,1,South West,E12000009,5,M,43736.9,27176.85,9298200000
1995,2,East Midlands,E12000004,1,TM,181.9,113.03,2982200000
1995,2,East Midlands,E12000004,3,TA,1215.68,755.39,5177100000
1995,2,East Midlands,E12000004,4,PA,2588.48,1608.41,5818600000
1995,2,East Midlands,E12000004,5,M,26815.3,16662.25,7221000000
1995,3,Scotland,S92000003,1,TM,341.44,212.16,2683000000
1995,3,Scotland,S92000003,3,TA,2815.28,1749.33,5322700000
1995,3,Scotland,S92000003,4,PA,7460.66,4635.84,6868500000
1995,3,Scotland,S92000003,5,M,48136.3,29910.51,7803100000
1995,4,Wales,W92000004,1,TM,132.69,82.45,1406500000
1995,4,Wales,W92000004,3,TA,1507.04,936.43,3301700000
1995,4,Wales,W92000004,4,PA,2599.14,1615.03,4228000000
1995,4,Wales,W92000004,5,M,28420.3,17659.56,5392500000
1995,5,North West,E12000002,1,TM,563.64,350.23,7662200000
1995,5,North West,E12000002,2,PM,38.64,24.01,315100000
1995,5,North West,E12000002,3,TA,823.05,511.42,2808200000
1995,5,North West,E12000002,4,PA,3144.14,1953.68,8894500000
1995,5,North West,E12000002,5,M,31549.7,19604.07,10386600000
1995,6,London,E12000007,1,TM,66.96,41.61,1377000000
1995,6,London,E12000007,3,TA,332.21,206.43,3881000000
1995,6,London,E12000007,4,PA,1374.71,854.21,7146800000
1995,6,London,E12000007,5,M,12644,7856.62,6957600000
1995,7,East of England,E12000006,1,TM,248.01,154.11,4320800000
1995,7,East of England,E12000006,3,TA,1131.91,703.34,6043000000
1995,7,East of England,E12000006,4,PA,2736.81,1700.57,7885300000
1995,7,East of England,E12000006,5,M,34740.1,21586.5,11311900000
1995,8,Yorkshire and the Humber,E12000003,1,TM,339.76,211.12,4134800000
1995,8,Yorkshire and the Humber,E12000003,2,PM,5.61,3.49,82700000
1995,8,Yorkshire and the Humber,E12000003,3,TA,700.84,435.48,3133700000
1995,8,Yorkshire and the Humber,E12000003,4,PA,2573.88,1599.33,6701100000
1995,8,Yorkshire and the Humber,E12000003,5,M,27611.1,17156.74,7989300000
1995,9,South East,E12000008,1,TM,605.15,376.02,10492800000
1995,9,South East,E12000008,2,PM,17,10.56,232700000
1995,9,South East,E12000008,3,TA,852.93,529.99,5790400000
1995,9,South East,E12000008,4,PA,4296.1,2669.47,13455400000
1995,9,South East,E12000008,5,M,41020.7,25489.08,15888800000
1995,10,West Midlands,E12000005,1,TM,358.45,222.73,5721300000
1995,10,West Midlands,E12000005,2,PM,6.9,4.29,153900000
1995,10,West Midlands,E12000005,3,TA,836.42,519.73,3405100000
1995,10,West Midlands,E12000005,4,PA,2674.41,1661.8,6892200000
1995,10,West Midlands,E12000005,5,M,28069.2,17441.39,10092400000
1995,11,North East,E12000001,1,TM,52.21,32.44,517000000
1995,11,North East,E12000001,2,PM,3.85,2.39,57200000
1995,11,North East,E12000001,3,TA,435.81,270.8,2054300000
1995,11,North East,E12000001,4,PA,1309.77,813.85,3258600000
1995,11,North East,E12000001,5,M,14084.6,8751.76,4737600000
1996,1,South West,E12000009,1,TM,312.24,194.02,4004100000
1996,1,South West,E12000009,3,TA,999.13,620.83,3819600000
1996,1,South West,E12000009,4,PA,3879.45,2410.58,8414400000
1996,1,South West,E12000009,5,M,43815.5,27225.69,9438300000
1996,2,East Midlands,E12000004,1,TM,185.07,115,3250800000
1996,2,East Midlands,E12000004,3,TA,1223.44,760.21,5372500000
1996,2,East Midlands,E12000004,4,PA,2574.06,1599.45,5914500000
1996,2,East Midlands,E12000004,5,M,26866.8,16694.26,7331500000
1996,3,Scotland,S92000003,1,TM,347.39,215.86,2849800000
1996,3,Scotland,S92000003,3,TA,2836.5,1762.52,5519600000
1996,3,Scotland,S92000003,4,PA,7414.59,4607.21,7035600000
1996,3,Scotland,S92000003,5,M,48220.1,29962.58,7922200000
1996,4,Wales,W92000004,1,TM,135.01,83.89,1503600000
1996,4,Wales,W92000004,3,TA,1518.48,943.54,3413600000
1996,4,Wales,W92000004,4,PA,2584.14,1605.71,4292900000
1996,4,Wales,W92000004,5,M,28469,17689.82,5477800000
1996,5,North West,E12000002,1,TM,573.46,356.33,8152800000
1996,5,North West,E12000002,2,PM,24.03,14.93,200000000
1996,5,North West,E12000002,3,TA,827.34,514.09,2906400000
1996,5,North West,E12000002,4,PA,3130.85,1945.42,9037400000
1996,5,North West,E12000002,5,M,31621.8,19648.88,10524200000
1996,6,London,E12000007,1,TM,68.12,42.33,1453700000
1996,6,London,E12000007,3,TA,327.93,203.77,3895700000
1996,6,London,E12000007,4,PA,1372.2,852.65,7161700000
1996,6,London,E12000007,5,M,12679.6,7878.74,7037700000
1996,7,East of England,E12000006,1,TM,252.34,156.8,4563300000
1996,7,East of England,E12000006,3,TA,1139.6,708.11,6274500000
1996,7,East of England,E12000006,4,PA,2722.22,1691.51,8041300000
1996,7,East of England,E12000006,5,M,34804.4,21626.45,11485200000
1996,8,Yorkshire and the Humber,E12000003,1,TM,345.68,214.8,4446900000
1996,8,Yorkshire and the Humber,E12000003,2,PM,3.49,2.17,53800000
1996,8,Yorkshire and the Humber,E12000003,3,TA,704.61,437.82,3235400000
1996,8,Yorkshire and the Humber,E12000003,4,PA,2561.53,1591.66,6839800000
1996,8,Yorkshire and the Humber,E12000003,5,M,27669.6,17193.09,8104800000
1996,9,South East,E12000008,1,TM,615.69,382.57,11235300000
1996,9,South East,E12000008,2,PM,10.57,6.57,150500000
1996,9,South East,E12000008,3,TA,858.2,533.26,6047100000
1996,9,South East,E12000008,4,PA,4274.01,2655.75,13778300000
1996,9,South East,E12000008,5,M,41106.2,25542.21,16116200000
1996,10,West Midlands,E12000005,1,TM,364.69,226.61,6090400000
1996,10,West Midlands,E12000005,2,PM,4.29,2.67,92200000
1996,10,West Midlands,E12000005,3,TA,840.81,522.46,3541900000
1996,10,West Midlands,E12000005,4,PA,2661.36,1653.69,7004000000
1996,10,West Midlands,E12000005,5,M,28126.5,17477,10229900000
1996,11,North East,E12000001,1,TM,53.12,33.01,543400000
1996,11,North East,E12000001,2,PM,2.39,1.49,35200000
1996,11,North East,E12000001,3,TA,438.32,272.36,2142600000
1996,11,North East,E12000001,4,PA,1303.21,809.78,3317000000
1996,11,North East,E12000001,5,M,14114.3,8770.22,4801700000
1997,1,South West,E12000009,1,TM,319.95,198.81,4165800000
1997,1,South West,E12000009,3,TA,1007.23,625.86,3906400000
1997,1,South West,E12000009,4,PA,3887.62,2415.66,8495300000
1997,1,South West,E12000009,5,M,43893.9,27274.4,9581500000
1997,2,East Midlands,E12000004,1,TM,189.64,117.84,3430200000
1997,2,East Midlands,E12000004,3,TA,1232.4,765.78,5509700000
1997,2,East Midlands,E12000004,4,PA,2579.79,1603.01,5974200000
1997,2,East Midlands,E12000004,5,M,26918.6,16726.44,7441500000
1997,3,Scotland,S92000003,1,TM,355.97,221.19,3014900000
1997,3,Scotland,S92000003,3,TA,2859.66,1776.91,5655400000
1997,3,Scotland,S92000003,4,PA,7429.27,4616.33,7117100000
1997,3,Scotland,S92000003,5,M,48302.1,30013.53,8040300000
1997,4,Wales,W92000004,1,TM,138.34,85.96,1602200000
1997,4,Wales,W92000004,3,TA,1530.95,951.29,3500600000
1997,4,Wales,W92000004,4,PA,2589.67,1609.15,4358800000
1997,4,Wales,W92000004,5,M,28517.3,17719.83,5562200000
1997,5,North West,E12000002,1,TM,587.62,365.13,8586000000
1997,5,North West,E12000002,2,PM,24.09,14.97,205800000
1997,5,North West,E12000002,3,TA,832.7,517.42,2985900000
1997,5,North West,E12000002,4,PA,3139.52,1950.81,9057800000
1997,5,North West,E12000002,5,M,31693.9,19693.68,10654400000
1997,6,London,E12000007,1,TM,69.81,43.38,1525800000
1997,6,London,E12000007,3,TA,325.64,202.34,3889100000
1997,6,London,E12000007,4,PA,1377.34,855.84,7170300000
1997,6,London,E12000007,5,M,12715.4,7900.98,7109100000
1997,7,East of England,E12000006,1,TM,258.56,160.66,4779100000
1997,7,East of England,E12000006,3,TA,1148.28,713.51,6516600000
1997,7,East of England,E12000006,4,PA,2728.54,1695.44,8114500000
1997,7,East of England,E12000006,5,M,34869.5,21666.9,11662200000
1997,8,Yorkshire and the Humber,E12000003,1,TM,354.22,220.1,4637800000
1997,8,Yorkshire and the Humber,E12000003,2,PM,3.5,2.17,55800000
1997,8,Yorkshire and the Humber,E12000003,3,TA,709.26,440.71,3310800000
1997,8,Yorkshire and the Humber,E12000003,4,PA,2568.03,1595.7,6875800000
1997,8,Yorkshire and the Humber,E12000003,5,M,27728.1,17229.44,8222100000
1997,9,South East,E12000008,1,TM,630.89,392.02,11767600000
1997,9,South East,E12000008,2,PM,10.6,6.59,155500000
1997,9,South East,E12000008,3,TA,864.35,537.08,6290900000
1997,9,South East,E12000008,4,PA,4284.26,2662.12,13937400000
1997,9,South East,E12000008,5,M,41192.3,25595.71,16344500000
1997,10,West Midlands,E12000005,1,TM,373.7,232.21,6379200000
1997,10,West Midlands,E12000005,2,PM,4.3,2.67,94700000
1997,10,West Midlands,E12000005,3,TA,846.28,525.85,3644100000
1997,10,West Midlands,E12000005,4,PA,2668.02,1657.83,7048700000
1997,10,West Midlands,E12000005,5,M,28183.5,17512.41,10365900000
1997,11,North East,E12000001,1,TM,54.44,33.83,580500000
1997,11,North East,E12000001,2,PM,2.4,1.49,35000000
1997,11,North East,E12000001,3,TA,441.34,274.24,2225300000
1997,11,North East,E12000001,4,PA,1306.4,811.76,3369800000
1997,11,North East,E12000001,5,M,14143.5,8788.36,4864500000
1998,1,South West,E12000009,1,TM,324.1,201.39,4364300000
1998,1,South West,E12000009,3,TA,997.32,619.71,3998600000
1998,1,South West,E12000009,4,PA,3907.46,2427.98,8622000000
1998,1,South West,E12000009,5,M,43971.7,27322.75,9688400000
1998,2,East Midlands,E12000004,1,TM,192.1,119.37,3632000000
1998,2,East Midlands,E12000004,3,TA,1220.24,758.22,5560900000
1998,2,East Midlands,E12000004,4,PA,2592.17,1610.7,6082900000
1998,2,East Midlands,E12000004,5,M,26970.7,16758.82,7530300000
1998,3,Scotland,S92000003,1,TM,360.59,224.06,3151600000
1998,3,Scotland,S92000003,3,TA,2831.54,1759.44,5699900000
1998,3,Scotland,S92000003,4,PA,7469.59,4641.39,7204400000
1998,3,Scotland,S92000003,5,M,48385.7,30065.48,8141200000
1998,4,Wales,W92000004,1,TM,140.14,87.08,1686000000
1998,4,Wales,W92000004,3,TA,1515.89,941.93,3515500000
1998,4,Wales,W92000004,4,PA,2602.64,1617.21,4386600000
1998,4,Wales,W92000004,5,M,28566.2,17750.21,5631200000
1998,5,North West,E12000002,1,TM,595.25,369.87,8976500000
1998,5,North West,E12000002,2,PM,23.78,14.78,211500000
1998,5,North West,E12000002,3,TA,824.46,512.3,2985200000
1998,5,North West,E12000002,4,PA,3150.21,1957.45,9123000000
1998,5,North West,E12000002,5,M,31766.4,19738.73,10804300000
1998,6,London,E12000007,1,TM,70.71,43.94,1557100000
1998,6,London,E12000007,3,TA,322.23,200.22,3900900000
1998,6,London,E12000007,4,PA,1378.61,856.63,7133600000
1998,6,London,E12000007,5,M,12751.1,7923.17,7228100000
1998,7,East of England,E12000006,1,TM,261.92,162.75,4883000000
1998,7,East of England,E12000006,3,TA,1136.97,706.48,6583100000
1998,7,East of England,E12000006,4,PA,2740.96,1703.15,8272400000
1998,7,East of England,E12000006,5,M,34934.6,21707.35,11796800000
1998,8,Yorkshire and the Humber,E12000003,1,TM,358.81,222.95,4871400000
1998,8,Yorkshire and the Humber,E12000003,2,PM,3.45,2.14,57200000
1998,8,Yorkshire and the Humber,E12000003,3,TA,702.24,436.35,3330100000
1998,8,Yorkshire and the Humber,E12000003,4,PA,2578.3,1602.08,7017100000
1998,8,Yorkshire and the Humber,E12000003,5,M,27786.2,17265.54,8333500000
1998,9,South East,E12000008,1,TM,639.08,397.11,12341300000
1998,9,South East,E12000008,2,PM,10.46,6.5,159800000
1998,9,South East,E12000008,3,TA,855.82,531.78,6420500000
1998,9,South East,E12000008,4,PA,4302.91,2673.7,14174500000
1998,9,South East,E12000008,5,M,41277.6,25648.71,16547100000
1998,10,West Midlands,E12000005,1,TM,378.55,235.22,6643300000
1998,10,West Midlands,E12000005,2,PM,4.24,2.63,95400000
1998,10,West Midlands,E12000005,3,TA,837.9,520.65,3687900000
1998,10,West Midlands,E12000005,4,PA,2678.92,1664.6,7120000000
1998,10,West Midlands,E12000005,5,M,28241.1,17548.21,10508500000
1998,11,North East,E12000001,1,TM,55.14,34.26,598900000
1998,11,North East,E12000001,2,PM,2.37,1.47,35900000
1998,11,North East,E12000001,3,TA,436.98,271.53,2244100000
1998,11,North East,E12000001,4,PA,1311.91,815.18,3415700000
1998,11,North East,E12000001,5,M,14173.4,8806.94,4939700000
1999,1,South West,E12000009,1,TM,326.8,203.06,4491900000
1999,1,South West,E12000009,3,TA,999.3,620.94,4022000000
1999,1,South West,E12000009,4,PA,3922.4,2437.27,8727700000
1999,1,South West,E12000009,5,M,44050.4,27371.65,9895300000
1999,2,East Midlands,E12000004,1,TM,193.7,120.36,3818500000
1999,2,East Midlands,E12000004,3,TA,1222.05,759.35,5732500000
1999,2,East Midlands,E12000004,4,PA,2603.01,1617.44,6141600000
1999,2,East Midlands,E12000004,5,M,27022.5,16791,7699000000
1999,3,Scotland,S92000003,1,TM,363.59,225.92,3208700000
1999,3,Scotland,S92000003,3,TA,2837.27,1763,5773500000
1999,3,Scotland,S92000003,4,PA,7495.31,4657.37,7259900000
1999,3,Scotland,S92000003,5,M,48469.3,30117.43,8322000000
1999,4,Wales,W92000004,1,TM,141.3,87.8,1765900000
1999,4,Wales,W92000004,3,TA,1519,943.86,3523500000
1999,4,Wales,W92000004,4,PA,2612.89,1623.57,4429300000
1999,4,Wales,W92000004,5,M,28615.9,17781.1,5759200000
1999,5,North West,E12000002,1,TM,600.2,372.95,9229700000
1999,5,North West,E12000002,2,PM,24.1,14.98,209200000
1999,5,North West,E12000002,3,TA,825.23,512.77,2996700000
1999,5,North West,E12000002,4,PA,3168.58,1968.86,9108200000
1999,5,North West,E12000002,5,M,31839.8,19784.33,11062200000
1999,6,London,E12000007,1,TM,71.3,44.3,1556600000
1999,6,London,E12000007,3,TA,319.7,198.65,4055900000
1999,6,London,E12000007,4,PA,1390.7,864.14,7287200000
1999,6,London,E12000007,5,M,12787.1,7945.54,7415400000
1999,7,East of England,E12000006,1,TM,264.1,164.1,4981600000
1999,7,East of England,E12000006,3,TA,1138.87,707.66,6765300000
1999,7,East of England,E12000006,4,PA,2753.23,1710.78,8352200000
1999,7,East of England,E12000006,5,M,34999.5,21747.68,12058000000
1999,8,Yorkshire and the Humber,E12000003,1,TM,361.8,224.81,4950300000
1999,8,Yorkshire and the Humber,E12000003,2,PM,3.5,2.17,55900000
1999,8,Yorkshire and the Humber,E12000003,3,TA,702.95,436.79,3371000000
1999,8,Yorkshire and the Humber,E12000003,4,PA,2591.53,1610.3,7016500000
1999,8,Yorkshire and the Humber,E12000003,5,M,27846.5,17303.01,8533600000
1999,9,South East,E12000008,1,TM,644.4,400.41,12725800000
1999,9,South East,E12000008,2,PM,10.6,6.59,166400000
1999,9,South East,E12000008,3,TA,857,532.52,6581700000
1999,9,South East,E12000008,4,PA,4323.18,2686.3,14254500000
1999,9,South East,E12000008,5,M,41364.1,25702.46,16926400000
1999,10,West Midlands,E12000005,1,TM,381.7,237.18,6685000000
1999,10,West Midlands,E12000005,2,PM,4.3,2.67,83200000
1999,10,West Midlands,E12000005,3,TA,838.7,521.14,3712000000
1999,10,West Midlands,E12000005,4,PA,2692.39,1672.97,7184200000
1999,10,West Midlands,E12000005,5,M,28298.2,17583.69,10756200000
1999,11,North East,E12000001,1,TM,55.6,34.55,597800000
1999,11,North East,E12000001,2,PM,2.4,1.49,34800000
1999,11,North East,E12000001,3,TA,437.5,271.85,2342400000
1999,11,North East,E12000001,4,PA,1318.3,819.15,3460700000
1999,11,North East,E12000001,5,M,14203,8825.34,5068200000
2000,1,South West,E12000009,1,TM,326.8,203.06,4521100000
2000,1,South West,E12000009,3,TA,999.3,620.94,4132600000
2000,1,South West,E12000009,4,PA,3927.1,2440.19,8633700000
2000,1,South West,E12000009,5,M,44129.5,27420.8,10069300000
2000,2,East Midlands,E12000004,1,TM,193.7,120.36,3730200000
2000,2,East Midlands,E12000004,3,TA,1210.8,752.36,5582200000
2000,2,East Midlands,E12000004,4,PA,2624.66,1630.89,6220300000
2000,2,East Midlands,E12000004,5,M,27074.3,16823.19,7784900000
2000,3,Scotland,S92000003,1,TM,385.29,239.41,3358300000
2000,3,Scotland,S92000003,3,TA,2811.97,1747.28,5543300000
2000,3,Scotland,S92000003,4,PA,7482.01,4649.11,7185200000
2000,3,Scotland,S92000003,5,M,48552.8,30169.31,8345000000
2000,4,Wales,W92000004,1,TM,141.3,87.8,1746200000
2000,4,Wales,W92000004,3,TA,1539.5,956.6,3522600000
2000,4,Wales,W92000004,4,PA,2607.29,1620.09,4399200000
2000,4,Wales,W92000004,5,M,28664.9,17811.54,5702600000
2000,5,North West,E12000002,1,TM,600.2,372.95,9294700000
2000,5,North West,E12000002,2,PM,23.7,14.73,217100000
2000,5,North West,E12000002,3,TA,826.83,513.77,3012800000
2000,5,North West,E12000002,4,PA,3168.28,1968.68,9079700000
2000,5,North West,E12000002,5,M,31911.4,19828.82,10921500000
2000,6,London,E12000007,1,TM,65.6,40.76,1475800000
2000,6,London,E12000007,3,TA,319.2,198.34,4150300000
2000,6,London,E12000007,4,PA,1396,867.43,7234100000
2000,6,London,E12000007,5,M,12823,7967.84,7428200000
2000,7,East of England,E12000006,1,TM,263.3,163.61,4855700000
2000,7,East of England,E12000006,3,TA,1138.47,707.41,6796400000
2000,7,East of England,E12000006,4,PA,2755.43,1712.14,8325000000
2000,7,East of England,E12000006,5,M,35065.2,21788.51,12049400000
2000,8,Yorkshire and the Humber,E12000003,1,TM,361.8,224.81,5021800000
2000,8,Yorkshire and the Humber,E12000003,2,PM,3.5,2.17,53500000
2000,8,Yorkshire and the Humber,E12000003,3,TA,702.95,436.79,3323200000
2000,8,Yorkshire and the Humber,E12000003,4,PA,2602.23,1616.95,6958900000
2000,8,Yorkshire and the Humber,E12000003,5,M,27904.6,17339.11,8536000000
2000,9,South East,E12000008,1,TM,644.4,400.41,12938500000
2000,9,South East,E12000008,2,PM,10.6,6.59,167600000
2000,9,South East,E12000008,3,TA,875.6,544.07,6587300000
2000,9,South East,E12000008,4,PA,4330.38,2690.77,14313100000
2000,9,South East,E12000008,5,M,41449.5,25755.53,16671700000
2000,10,West Midlands,E12000005,1,TM,381.7,237.18,6805700000
2000,10,West Midlands,E12000005,2,PM,4.3,2.67,82600000
2000,10,West Midlands,E12000005,3,TA,838.7,521.14,3640100000
2000,10,West Midlands,E12000005,4,PA,2694.69,1674.4,7138200000
2000,10,West Midlands,E12000005,5,M,28355.3,17619.17,10680300000
2000,11,North East,E12000001,1,TM,55.6,34.55,586000000
2000,11,North East,E12000001,2,PM,2.4,1.49,33700000
2000,11,North East,E12000001,3,TA,437.5,271.85,2323100000
2000,11,North East,E12000001,4,PA,1319.8,820.09,3439100000
2000,11,North East,E12000001,5,M,14232.4,8843.6,4932700000
2001,1,South West,E12000009,1,TM,326.8,203.06,4722100000
2001,1,South West,E12000009,3,TA,999.5,621.06,4287700000
2001,1,South West,E12000009,4,PA,3927.1,2440.19,8766200000
2001,1,South West,E12000009,5,M,44208.5,27469.89,10286300000
2001,2,East Midlands,E12000004,1,TM,193.7,120.36,3854800000
2001,2,East Midlands,E12000004,3,TA,1210.8,752.36,5751100000
2001,2,East Midlands,E12000004,4,PA,2624.26,1630.64,6263300000
2001,2,East Midlands,E12000004,5,M,27126.5,16855.63,7905100000
2001,3,Scotland,S92000003,1,TM,386.49,240.15,3459300000
2001,3,Scotland,S92000003,3,TA,2811.97,1747.28,5677200000
2001,3,Scotland,S92000003,4,PA,7482.01,4649.11,7204900000
2001,3,Scotland,S92000003,5,M,48637.3,30221.82,8407200000
2001,4,Wales,W92000004,1,TM,141.3,87.8,1825400000
2001,4,Wales,W92000004,3,TA,1546.6,961.01,3591000000
2001,4,Wales,W92000004,4,PA,2631.39,1635.07,4442700000
2001,4,Wales,W92000004,5,M,28714,17842.05,5670400000
2001,5,North West,E12000002,1,TM,615.5,382.45,9770800000
2001,5,North West,E12000002,2,PM,24.1,14.98,233100000
2001,5,North West,E12000002,3,TA,826.83,513.77,3017500000
2001,5,North West,E12000002,4,PA,3165.68,1967.06,9084900000
2001,5,North West,E12000002,5,M,31984.7,19874.37,10859800000
2001,6,London,E12000007,1,TM,60.1,37.34,1339900000
2001,6,London,E12000007,4,PA,1720.8,1069.26,11466000000
2001,6,London,E12000007,5,M,12859.4,7990.46,7523900000
2001,7,East of England,E12000006,1,TM,264.1,164.1,5003400000
2001,7,East of England,E12000006,3,TA,1138.47,707.41,6995600000
2001,7,East of England,E12000006,4,PA,2754.13,1711.34,8443400000
2001,7,East of England,E12000006,5,M,35130.8,21829.27,12088300000
2001,8,Yorkshire and the Humber,E12000003,1,TM,361.8,224.81,5202400000
2001,8,Yorkshire and the Humber,E12000003,2,PM,3.5,2.17,48700000
2001,8,Yorkshire and the Humber,E12000003,3,TA,682.85,424.3,3327300000
2001,8,Yorkshire and the Humber,E12000003,4,PA,2623.63,1630.25,7101900000
2001,8,Yorkshire and the Humber,E12000003,5,M,27964.4,17376.27,8586400000
2001,9,South East,E12000008,1,TM,644.4,400.41,13291600000
2001,9,South East,E12000008,2,PM,10.6,6.59,168400000
2001,9,South East,E12000008,3,TA,875.6,544.07,6837100000
2001,9,South East,E12000008,4,PA,4332.18,2691.89,14471900000
2001,9,South East,E12000008,5,M,41536.4,25809.52,16508000000
2001,10,West Midlands,E12000005,1,TM,381.7,237.18,6804900000
2001,10,West Midlands,E12000005,2,PM,4.3,2.67,71000000
2001,10,West Midlands,E12000005,3,TA,838.7,521.14,3773500000
2001,10,West Midlands,E12000005,4,PA,2709.59,1683.66,7243200000
2001,10,West Midlands,E12000005,5,M,28413.4,17655.27,10675500000
2001,11,North East,E12000001,1,TM,55.6,34.55,606900000
2001,11,North East,E12000001,2,PM,2.4,1.49,33700000
2001,11,North East,E12000001,3,TA,437.5,271.85,2421800000
2001,11,North East,E12000001,4,PA,1314.2,816.61,3503200000
2001,11,North East,E12000001,5,M,14263,8862.62,4840400000
2002,1,South West,E12000009,1,TM,326.8,203.06,4803700000
2002,1,South West,E12000009,3,TA,1003,623.24,4395900000
2002,1,South West,E12000009,4,PA,3925.9,2439.44,8971200000
2002,1,South West,E12000009,5,M,44288,27519.29,10869800000
2002,2,East Midlands,E12000004,1,TM,193.7,120.36,3931200000
2002,2,East Midlands,E12000004,3,TA,1106.9,687.8,5583900000
2002,2,East Midlands,E12000004,4,PA,2727.76,1694.95,6718500000
2002,2,East Midlands,E12000004,5,M,27178.9,16888.19,8294500000
2002,3,Scotland,S92000003,1,TM,386.49,240.15,3560200000
2002,3,Scotland,S92000003,3,TA,2804.07,1742.37,5963500000
2002,3,Scotland,S92000003,4,PA,7493.01,4655.94,7388500000
2002,3,Scotland,S92000003,5,M,48721.1,30273.89,8741000000
2002,4,Wales,W92000004,1,TM,141.3,87.8,1906100000
2002,4,Wales,W92000004,3,TA,1546.6,961.01,3741700000
2002,4,Wales,W92000004,4,PA,2628.29,1633.14,4563100000
2002,4,Wales,W92000004,5,M,28764.3,17873.31,5826700000
2002,5,North West,E12000002,1,TM,615.8,382.64,9961100000
2002,5,North West,E12000002,2,PM,24.1,14.98,238600000
2002,5,North West,E12000002,3,TA,677.83,421.18,2539700000
2002,5,North West,E12000002,4,PA,3322.88,2064.74,9705900000
2002,5,North West,E12000002,5,M,32057.9,19919.86,11109100000
2002,6,London,E12000007,1,TM,60.1,37.34,1374600000
2002,6,London,E12000007,4,PA,1723.02,1070.63,11239600000
2002,6,London,E12000007,5,M,12895.7,8013.02,7801300000
2002,7,East of England,E12000006,1,TM,265.3,164.85,5037000000
2002,7,East of England,E12000006,3,TA,864.1,536.93,6231800000
2002,7,East of England,E12000006,4,PA,3025.6,1880.02,9366000000
2002,7,East of England,E12000006,5,M,35196.1,21869.84,12542600000
2002,8,Yorkshire and the Humber,E12000003,1,TM,361.8,224.81,5369900000
2002,8,Yorkshire and the Humber,E12000003,2,PM,3.5,2.17,48000000
2002,8,Yorkshire and the Humber,E12000003,3,TA,662.95,411.94,3319600000
2002,8,Yorkshire and the Humber,E12000003,4,PA,2648.41,1645.65,7294700000
2002,8,Yorkshire and the Humber,E12000003,5,M,28023.7,17413.12,8908700000
2002,9,South East,E12000008,1,TM,644.4,400.41,13459800000
2002,9,South East,E12000008,2,PM,10.6,6.59,172400000
2002,9,South East,E12000008,3,TA,846,525.68,6855700000
2002,9,South East,E12000008,4,PA,4368.38,2714.39,14682900000
2002,9,South East,E12000008,5,M,41622.5,25863.02,16878500000
2002,10,West Midlands,E12000005,1,TM,381.7,237.18,6959700000
2002,10,West Midlands,E12000005,2,PM,4.3,2.67,72300000
2002,10,West Midlands,E12000005,3,TA,729.6,453.35,3650000000
2002,10,West Midlands,E12000005,4,PA,2816.99,1750.4,7589100000
2002,10,West Midlands,E12000005,5,M,28471,17691.06,10987600000
2002,11,North East,E12000001,1,TM,55.6,34.55,634000000
2002,11,North East,E12000001,2,PM,2.4,1.49,34300000
2002,11,North East,E12000001,3,TA,437.5,271.85,2452600000
2002,11,North East,E12000001,4,PA,1314.9,817.04,3575800000
2002,11,North East,E12000001,5,M,14292.7,8881.07,4884400000
2003,1,South West,E12000009,1,TM,326.8,203.06,4897600000
2003,1,South West,E12000009,3,TA,831.2,516.48,4109300000
2003,1,South West,E12000009,4,PA,4100.8,2548.12,9461400000
2003,1,South West,E12000009,5,M,44369.84,27570.14,11088300000
2003,2,East Midlands,E12000004,1,TM,193.7,120.36,4067900000
2003,2,East Midlands,E12000004,3,TA,667.4,414.7,4479000000
2003,2,East Midlands,E12000004,4,PA,3165.86,1967.17,8113700000
2003,2,East Midlands,E12000004,5,M,27232.84,16921.7,8401200000
2003,3,Scotland,S92000003,1,TM,386.49,240.15,3638500000
2003,3,Scotland,S92000003,3,TA,2804.07,1742.37,6050300000
2003,3,Scotland,S92000003,4,PA,7490.71,4654.51,7486300000
2003,3,Scotland,S92000003,5,M,48808.04,30327.91,8791100000
2003,4,Wales,W92000004,1,TM,141.3,87.8,1939000000
2003,4,Wales,W92000004,3,TA,1546.6,961.01,3834800000
2003,4,Wales,W92000004,4,PA,2628.29,1633.14,4649600000
2003,4,Wales,W92000004,5,M,28815.41,17905.07,5783700000
2003,5,North West,E12000002,1,TM,615.8,382.64,10133500000
2003,5,North West,E12000002,2,PM,24.1,14.98,238800000
2003,5,North West,E12000002,3,TA,586.33,364.33,2341600000
2003,5,North West,E12000002,4,PA,3416.78,2123.09,9947400000
2003,5,North West,E12000002,5,M,32134.81,19967.65,11025100000
2003,6,London,E12000007,1,TM,60.1,37.34,1314600000
2003,6,London,E12000007,4,PA,1719.11,1068.21,11223600000
2003,6,London,E12000007,5,M,12933.71,8036.63,7909900000
2003,7,East of England,E12000006,1,TM,265.3,164.85,5039600000
2003,7,East of England,E12000006,3,TA,852,529.41,6314300000
2003,7,East of England,E12000006,4,PA,3041.64,1889.99,9443200000
2003,7,East of England,E12000006,5,M,35264.38,21912.27,12552200000
2003,8,Yorkshire and the Humber,E12000003,1,TM,361.8,224.81,5366600000
2003,8,Yorkshire and the Humber,E12000003,2,PM,3.5,2.17,46700000
2003,8,Yorkshire and the Humber,E12000003,3,TA,514.05,319.42,2851600000
2003,8,Yorkshire and the Humber,E12000003,4,PA,2797.31,1738.17,7877400000
2003,8,Yorkshire and the Humber,E12000003,5,M,28085.43,17451.48,8942700000
2003,9,South East,E12000008,1,TM,643.8,400.04,13349700000
2003,9,South East,E12000008,2,PM,11.2,6.96,170000000
2003,9,South East,E12000008,3,TA,811.7,504.37,6750300000
2003,9,South East,E12000008,4,PA,4407.31,2738.58,14965700000
2003,9,South East,E12000008,5,M,41713,25919.26,16668900000
2003,10,West Midlands,E12000005,1,TM,381.7,237.18,6869400000
2003,10,West Midlands,E12000005,2,PM,4.3,2.67,74800000
2003,10,West Midlands,E12000005,3,TA,597.2,371.08,3284900000
2003,10,West Midlands,E12000005,4,PA,2923.49,1816.57,8032500000
2003,10,West Midlands,E12000005,5,M,28531.02,17728.35,10961800000
2003,11,North East,E12000001,1,TM,55.6,34.55,626500000
2003,11,North East,E12000001,2,PM,2.4,1.49,33200000
2003,11,North East,E12000001,3,TA,404.1,251.1,2348700000
2003,11,North East,E12000001,4,PA,1346.9,836.92,3761800000
2003,11,North East,E12000001,5,M,14323.47,8900.19,4782600000
2004,1,South West,E12000009,1,TM,326.8,203.06,5016800000
2004,1,South West,E12000009,3,TA,828,514.5,4103200000
2004,1,South West,E12000009,4,PA,4105.24,2550.88,9598200000
2004,1,South West,E12000009,5,M,44039.2,27364.69,11313100000
2004,2,East Midlands,E12000004,1,TM,193.7,120.36,4233400000
2004,2,East Midlands,E12000004,3,TA,643.93,400.12,4437000000
2004,2,East Midlands,E12000004,4,PA,3196.42,1986.16,8344900000
2004,2,East Midlands,E12000004,5,M,26756.3,16625.59,8526600000
2004,3,Scotland,S92000003,1,TM,386.49,240.15,3786800000
2004,3,Scotland,S92000003,3,TA,2804.07,1742.37,6136700000
2004,3,Scotland,S92000003,4,PA,7491.61,4655.07,7582000000
2004,3,Scotland,S92000003,5,M,46033,28603.58,8503400000
2004,4,Wales,W92000004,1,TM,141.3,87.8,2099800000
2004,4,Wales,W92000004,3,TA,1546.6,961.01,3942300000
2004,4,Wales,W92000004,4,PA,2626.69,1632.15,4761200000
2004,4,Wales,W92000004,5,M,28864.8,17935.76,5800600000
2004,5,North West,E12000002,1,TM,615.8,382.64,10591800000
2004,5,North West,E12000002,2,PM,24.1,14.98,247900000
2004,5,North West,E12000002,3,TA,459.03,285.23,1783300000
2004,5,North West,E12000002,4,PA,3551.85,2207.02,10753200000
2004,5,North West,E12000002,5,M,31796.1,19757.18,10858100000
2004,6,London,E12000007,1,TM,60.1,37.34,1292500000
2004,6,London,E12000007,4,PA,1719.61,1068.52,11159800000
2004,6,London,E12000007,5,M,12901.4,8016.56,7911300000
2004,7,East of England,E12000006,1,TM,265.2,164.79,5262500000
2004,7,East of England,E12000006,3,TA,796.93,495.19,6101700000
2004,7,East of England,E12000006,4,PA,3096.52,1924.09,9943600000
2004,7,East of England,E12000006,5,M,35030.1,21766.7,12487800000
2004,8,Yorkshire and the Humber,E12000003,1,TM,361.8,224.81,5637600000
2004,8,Yorkshire and the Humber,E12000003,2,PM,3.5,2.17,48300000
2004,8,Yorkshire and the Humber,E12000003,3,TA,415.95,258.46,2621600000
2004,8,Yorkshire and the Humber,E12000003,4,PA,2900.02,1801.99,8379400000
2004,8,Yorkshire and the Humber,E12000003,5,M,28173.7,17506.33,9003300000
2004,9,South East,E12000008,1,TM,643.4,399.79,13581300000
2004,9,South East,E12000008,2,PM,11.2,6.96,172600000
2004,9,South East,E12000008,3,TA,669.3,415.88,6152500000
2004,9,South East,E12000008,4,PA,4551.61,2828.24,15796500000
2004,9,South East,E12000008,5,M,41415.2,25734.21,16435900000
2004,10,West Midlands,E12000005,1,TM,427.5,265.64,7323700000
2004,10,West Midlands,E12000005,2,PM,4.3,2.67,77500000
2004,10,West Midlands,E12000005,3,TA,579.28,359.95,3146400000
2004,10,West Midlands,E12000005,4,PA,2933.24,1822.63,8223500000
2004,10,West Midlands,E12000005,5,M,28447.2,17676.27,10957300000
2004,11,North East,E12000001,1,TM,55.6,34.55,640800000
2004,11,North East,E12000001,2,PM,2.4,1.49,31800000
2004,11,North East,E12000001,3,TA,404.1,251.1,2428000000
2004,11,North East,E12000001,4,PA,1348.52,837.93,3831500000
2004,11,North East,E12000001,5,M,14024.9,8714.67,4636700000
2005,1,South West,E12000009,1,TM,325.7,202.38,5193900000
2005,1,South West,E12000009,2,PM,1.1,0.68,19500000
2005,1,South West,E12000009,3,TA,704.6,437.82,3768800000
2005,1,South West,E12000009,4,PA,4230.21,2628.53,10049300000
2005,1,South West,E12000009,5,M,43953.7,27311.56,11596000000
2005,2,East Midlands,E12000004,1,TM,195.4,121.42,4205200000
2005,2,East Midlands,E12000004,3,TA,550.34,341.97,4069000000
2005,2,East Midlands,E12000004,4,PA,3291.48,2045.23,8645300000
2005,2,East Midlands,E12000004,5,M,26820.6,16665.55,8678200000
2005,3,Scotland,S92000003,1,TM,386.49,240.15,3821900000
2005,3,Scotland,S92000003,3,TA,2806.03,1743.59,6063300000
2005,3,Scotland,S92000003,4,PA,7464.36,4638.14,7554300000
2005,3,Scotland,S92000003,5,M,46206.5,28711.39,8595400000
2005,4,Wales,W92000004,1,TM,141.3,87.8,2050600000
2005,4,Wales,W92000004,3,TA,1546.6,961.01,3954500000
2005,4,Wales,W92000004,4,PA,2625.49,1631.4,4696000000
2005,4,Wales,W92000004,5,M,28919.6,17969.81,5816000000
2005,5,North West,E12000002,1,TM,611.5,379.97,10426400000
2005,5,North West,E12000002,2,PM,26,16.16,293800000
2005,5,North West,E12000002,3,TA,335.6,208.53,1531600000
2005,5,North West,E12000002,4,PA,3675.48,2283.84,10935600000
2005,5,North West,E12000002,5,M,31882.3,19810.74,10804000000
2005,6,London,E12000007,1,TM,60.1,37.34,1262600000
2005,6,London,E12000007,4,PA,1718.96,1068.11,11172800000
2005,6,London,E12000007,5,M,12962.2,8054.34,7987300000
2005,7,East of England,E12000006,1,TM,264.4,164.29,5255400000
2005,7,East of England,E12000006,3,TA,769.67,478.25,5936800000
2005,7,East of England,E12000006,4,PA,3113.16,1934.43,9953500000
2005,7,East of England,E12000006,5,M,34989,21741.16,12575200000
2005,8,Yorkshire and the Humber,E12000003,1,TM,361.8,224.81,5633200000
2005,8,Yorkshire and the Humber,E12000003,2,PM,3.5,2.17,48100000
2005,8,Yorkshire and the Humber,E12000003,3,TA,417.7,259.55,2651700000
2005,8,Yorkshire and the Humber,E12000003,4,PA,2910.96,1808.79,8402800000
2005,8,Yorkshire and the Humber,E12000003,5,M,28212.6,17530.5,9070500000
2005,9,South East,E12000008,1,TM,644,400.16,13562100000
2005,9,South East,E12000008,2,PM,10.6,6.59,167400000
2005,9,South East,E12000008,3,TA,666.2,413.96,6211600000
2005,9,South East,E12000008,4,PA,4555.45,2830.63,15585400000
2005,9,South East,E12000008,5,M,41366.2,25703.77,16273800000
2005,10,West Midlands,E12000005,1,TM,424.1,263.52,7595600000
2005,10,West Midlands,E12000005,2,PM,4.3,2.67,77500000
2005,10,West Midlands,E12000005,3,TA,540.08,335.59,2986900000
2005,10,West Midlands,E12000005,4,PA,2976.47,1849.49,8243300000
2005,10,West Midlands,E12000005,5,M,28494.3,17705.54,10968500000
2005,11,North East,E12000001,1,TM,55.6,34.55,648200000
2005,11,North East,E12000001,2,PM,2.4,1.49,31700000
2005,11,North East,E12000001,3,TA,347.5,215.93,2376500000
2005,11,North East,E12000001,4,PA,1411.37,876.98,3857700000
2005,11,North East,E12000001,5,M,14023.3,8713.67,4538900000
2006,1,South West,E12000009,1,TM,325.7,202.38,5335700000
2006,1,South West,E12000009,2,PM,1.1,0.68,17400000
2006,1,South West,E12000009,3,TA,705.1,438.13,3788100000
2006,1,South West,E12000009,4,PA,4231.19,2629.14,10159500000
2006,1,South West,E12000009,5,M,44680.1,27762.93,12027900000
2006,2,East Midlands,E12000004,1,TM,195.4,121.42,4248800000
2006,2,East Midlands,E12000004,3,TA,550.82,342.26,4118300000
2006,2,East Midlands,E12000004,4,PA,3293.04,2046.2,8797800000
2006,2,East Midlands,E12000004,5,M,27218.2,16912.61,8887600000
2006,3,Scotland,S92000003,1,TM,407.04,252.92,3997100000
2006,3,Scotland,S92000003,3,TA,2806.96,1744.16,6174200000
2006,3,Scotland,S92000003,4,PA,7518.5,4671.78,7760700000
2006,3,Scotland,S92000003,5,M,48766.6,30302.16,8916200000
2006,4,Wales,W92000004,1,TM,141.3,87.8,2092300000
2006,4,Wales,W92000004,3,TA,1546.6,961.01,4097400000
2006,4,Wales,W92000004,4,PA,2627.04,1632.37,4823000000
2006,4,Wales,W92000004,5,M,29531.9,18350.27,5874100000
2006,5,North West,E12000002,1,TM,611.5,379.97,10703200000
2006,5,North West,E12000002,2,PM,26,16.16,307000000
2006,5,North West,E12000002,3,TA,337.4,209.65,1557600000
2006,5,North West,E12000002,4,PA,3666.95,2278.54,10983800000
2006,5,North West,E12000002,5,M,32238.9,20032.32,10744200000
2006,6,London,E12000007,1,TM,60.1,37.34,1357200000
2006,6,London,E12000007,4,PA,1719.7,1068.57,11366600000
2006,6,London,E12000007,5,M,12965.8,8056.57,7957900000
2006,7,East of England,E12000006,1,TM,265,164.66,5181300000
2006,7,East of England,E12000006,3,TA,788.82,490.15,6132000000
2006,7,East of England,E12000006,4,PA,3093.71,1922.34,9970700000
2006,7,East of England,E12000006,5,M,35652,22153.13,12870100000
2006,8,Yorkshire and the Humber,E12000003,1,TM,375.8,233.51,5906700000
2006,8,Yorkshire and the Humber,E12000003,2,PM,3.5,2.17,47900000
2006,8,Yorkshire and the Humber,E12000003,3,TA,416.87,259.03,2718900000
2006,8,Yorkshire and the Humber,E12000003,4,PA,2920,1814.4,8487500000
2006,8,Yorkshire and the Humber,E12000003,5,M,28390.5,17641.04,9148300000
2006,9,South East,E12000008,1,TM,644,400.16,13851600000
2006,9,South East,E12000008,2,PM,10.6,6.59,173600000
2006,9,South East,E12000008,3,TA,666,413.83,6228700000
2006,9,South East,E12000008,4,PA,4558.89,2832.76,15637700000
2006,9,South East,E12000008,5,M,41528.5,25804.61,16194300000
2006,10,West Midlands,E12000005,1,TM,426.1,264.77,7799600000
2006,10,West Midlands,E12000005,2,PM,4.3,2.67,72400000
2006,10,West Midlands,E12000005,3,TA,541.28,336.34,3029800000
2006,10,West Midlands,E12000005,4,PA,2984.89,1854.72,8302900000
2006,10,West Midlands,E12000005,5,M,28782.9,17884.86,11004000000
2006,11,North East,E12000001,1,TM,55.6,34.55,675100000
2006,11,North East,E12000001,2,PM,2.4,1.49,32000000
2006,11,North East,E12000001,3,TA,346,214.99,2390700000
2006,11,North East,E12000001,4,PA,1415.71,879.68,3959800000
2006,11,North East,E12000001,5,M,14336.7,8908.41,4464000000
2007,1,South West,E12000009,1,TM,326.8,203.06,5424600000
2007,1,South West,E12000009,3,TA,734.7,456.52,3840500000
2007,1,South West,E12000009,4,PA,4205.46,2613.15,9886100000
2007,1,South West,E12000009,5,M,44795.9,27834.88,12624900000
2007,2,East Midlands,E12000004,1,TM,195.4,121.42,4199800000
2007,2,East Midlands,E12000004,3,TA,546.92,339.84,4150700000
2007,2,East Midlands,E12000004,4,PA,3307.04,2054.9,8834200000
2007,2,East Midlands,E12000004,5,M,27155.1,16873.4,9202100000
2007,3,Scotland,S92000003,1,TM,407.04,252.92,4087000000
2007,3,Scotland,S92000003,3,TA,2806.96,1744.16,6191800000
2007,3,Scotland,S92000003,4,PA,7494.6,4656.93,7712000000
2007,3,Scotland,S92000003,5,M,48869.7,30366.22,9200300000
2007,4,Wales,W92000004,1,TM,141.3,87.8,2159200000
2007,4,Wales,W92000004,3,TA,1546.6,961.01,4055000000
2007,4,Wales,W92000004,4,PA,2619.34,1627.58,4854300000
2007,4,Wales,W92000004,5,M,29554,18364,6021400000
2007,5,North West,E12000002,1,TM,615.8,382.64,10819400000
2007,5,North West,E12000002,2,PM,21.7,13.48,252900000
2007,5,North West,E12000002,3,TA,351.1,218.16,1590000000
2007,5,North West,E12000002,4,PA,3652.35,2269.47,10853900000
2007,5,North West,E12000002,5,M,32272,20052.89,10914600000
2007,6,London,E12000007,1,TM,60.1,37.34,1328300000
2007,6,London,E12000007,4,PA,1720.1,1068.82,11101600000
2007,6,London,E12000007,5,M,13003.33,8079.89,8211400000
2007,7,East of England,E12000006,1,TM,265,164.66,5300200000
2007,7,East of England,E12000006,3,TA,776.45,482.46,6076100000
2007,7,East of England,E12000006,4,PA,3129.11,1944.34,10030900000
2007,7,East of England,E12000006,5,M,35772.8,22228.19,13284400000
2007,8,Yorkshire and the Humber,E12000003,1,TM,380,236.12,6055900000
2007,8,Yorkshire and the Humber,E12000003,2,PM,3.5,2.17,48200000
2007,8,Yorkshire and the Humber,E12000003,3,TA,379.47,235.79,2361700000
2007,8,Yorkshire and the Humber,E12000003,4,PA,2951.9,1834.23,8708600000
2007,8,Yorkshire and the Humber,E12000003,5,M,28419.9,17659.31,9445600000
2007,9,South East,E12000008,1,TM,644,400.16,13927900000
2007,9,South East,E12000008,2,PM,10.6,6.59,172500000
2007,9,South East,E12000008,3,TA,669.3,415.88,6222200000
2007,9,South East,E12000008,4,PA,4555.99,2830.96,15541300000
2007,9,South East,E12000008,5,M,41542.3,25813.19,16450300000
2007,10,West Midlands,E12000005,1,TM,427,265.33,7921200000
2007,10,West Midlands,E12000005,2,PM,3.2,1.99,52300000
2007,10,West Midlands,E12000005,3,TA,505.18,313.9,2855300000
2007,10,West Midlands,E12000005,4,PA,3019.99,1876.53,8476600000
2007,10,West Midlands,E12000005,5,M,28816.21,17905.56,11231600000
2007,11,North East,E12000001,1,TM,55.6,34.55,714100000
2007,11,North East,E12000001,2,PM,2.4,1.49,32400000
2007,11,North East,E12000001,3,TA,345.6,214.75,2420000000
2007,11,North East,E12000001,4,PA,1416.41,880.12,3962700000
2007,11,North East,E12000001,5,M,14375.9,8932.77,4486400000
2008,1,South West,E12000009,1,TM,326.8,203.06,5557900000
2008,1,South West,E12000009,3,TA,735.8,457.2,3969800000
2008,1,South West,E12000009,4,PA,4209.56,2615.7,9851000000
2008,1,South West,E12000009,5,M,44712.4,27783,12730300000
2008,2,East Midlands,E12000004,1,TM,195.4,121.42,4070800000
2008,2,East Midlands,E12000004,3,TA,557.22,346.24,4148200000
2008,2,East Midlands,E12000004,4,PA,3301.44,2051.42,8692500000
2008,2,East Midlands,E12000004,5,M,27167.4,16881.04,9214200000
2008,3,Scotland,S92000003,1,TM,406.74,252.74,4152900000
2008,3,Scotland,S92000003,3,TA,2806.96,1744.16,6098000000
2008,3,Scotland,S92000003,4,PA,7464.5,4638.23,7625900000
2008,3,Scotland,S92000003,5,M,48964.1,30424.88,9177400000
2008,4,Wales,W92000004,1,TM,141.3,87.8,2148200000
2008,4,Wales,W92000004,3,TA,1546.6,961.01,4116800000
2008,4,Wales,W92000004,4,PA,2617.54,1626.46,4784900000
2008,4,Wales,W92000004,5,M,29552.8,18363.26,5962300000
2008,5,North West,E12000002,1,TM,615.8,382.64,10845000000
2008,5,North West,E12000002,2,PM,21.3,13.24,248500000
2008,5,North West,E12000002,3,TA,331.7,206.11,1557900000
2008,5,North West,E12000002,4,PA,3665.35,2277.54,10790400000
2008,5,North West,E12000002,5,M,32267,20049.78,10701300000
2008,6,London,E12000007,1,TM,60.1,37.34,1389700000
2008,6,London,E12000007,4,PA,1720.1,1068.82,10716400000
2008,6,London,E12000007,5,M,13015.6,8087.52,8127400000
2008,7,East of England,E12000006,1,TM,265,164.66,5249700000
2008,7,East of England,E12000006,3,TA,769.15,477.93,6129600000
2008,7,East of England,E12000006,4,PA,3116.21,1936.32,10015400000
2008,7,East of England,E12000006,5,M,35502.7,22060.36,13079000000
2008,8,Yorkshire and the Humber,E12000003,1,TM,380,236.12,5960300000
2008,8,Yorkshire and the Humber,E12000003,2,PM,3.5,2.17,44800000
2008,8,Yorkshire and the Humber,E12000003,3,TA,377.67,234.67,2352900000
2008,8,Yorkshire and the Humber,E12000003,4,PA,2950.3,1833.23,8507900000
2008,8,Yorkshire and the Humber,E12000003,5,M,28384.1,17637.06,9373900000
2008,9,South East,E12000008,1,TM,644,400.16,13766000000
2008,9,South East,E12000008,2,PM,10.6,6.59,173700000
2008,9,South East,E12000008,3,TA,669.3,415.88,6145700000
2008,9,South East,E12000008,4,PA,4559.49,2833.14,15323400000
2008,9,South East,E12000008,5,M,41422.3,25738.62,16031500000
2008,10,West Midlands,E12000005,1,TM,427,265.33,7831800000
2008,10,West Midlands,E12000005,2,PM,3.2,1.99,55000000
2008,10,West Midlands,E12000005,3,TA,488.48,303.53,2864600000
2008,10,West Midlands,E12000005,4,PA,3035.39,1886.1,8437000000
2008,10,West Midlands,E12000005,5,M,28850.3,17926.75,11094400000
2008,11,North East,E12000001,1,TM,55.6,34.55,692800000
2008,11,North East,E12000001,2,PM,2.4,1.49,31100000
2008,11,North East,E12000001,3,TA,341,211.89,2407100000
2008,11,North East,E12000001,4,PA,1417.21,880.61,3934200000
2008,11,North East,E12000001,5,M,14378.6,8934.45,4350100000
2009,1,South West,E12000009,1,TM,326.8,203.06,5425500000
2009,1,South West,E12000009,3,TA,735.8,457.2,3949800000
2009,1,South West,E12000009,4,PA,4214.5,2618.77,9859600000
2009,1,South West,E12000009,5,M,44658.6,27749.57,12642700000
2009,2,East Midlands,E12000004,1,TM,195.4,121.42,4067700000
2009,2,East Midlands,E12000004,3,TA,550.9,342.31,4123600000
2009,2,East Midlands,E12000004,4,PA,3307,2054.87,8654100000
2009,2,East Midlands,E12000004,5,M,27233.5,16922.11,9090300000
2009,3,Scotland,S92000003,1,TM,406.61,252.66,4121700000
2009,3,Scotland,S92000003,3,TA,2806,1743.57,6155300000
2009,3,Scotland,S92000003,4,PA,7481.7,4648.91,7690900000
2009,3,Scotland,S92000003,5,M,48695.2,30257.79,8932300000
2009,4,Wales,W92000004,1,TM,141.3,87.8,2085200000
2009,4,Wales,W92000004,3,TA,1546.6,961.01,4118000000
2009,4,Wales,W92000004,4,PA,2617.5,1626.44,4747700000
2009,4,Wales,W92000004,5,M,29546,18359.03,5788300000
2009,5,North West,E12000002,1,TM,616.9,383.32,10914200000
2009,5,North West,E12000002,2,PM,21.3,13.24,252700000
2009,5,North West,E12000002,3,TA,342.5,212.82,1576500000
2009,5,North West,E12000002,4,PA,3665.3,2277.51,10791800000
2009,5,North West,E12000002,5,M,32333.6,20091.17,10389800000
2009,6,London,E12000007,1,TM,60.1,37.34,1404800000
2009,6,London,E12000007,4,PA,1720.9,1069.32,10684400000
2009,6,London,E12000007,5,M,13019.6,8090,8022400000
2009,7,East of England,E12000006,1,TM,265,164.66,5302400000
2009,7,East of England,E12000006,3,TA,767.8,477.09,6089600000
2009,7,East of England,E12000006,4,PA,3146.2,1954.96,10081400000
2009,7,East of England,E12000006,5,M,35426.2,22012.82,12744300000
2009,8,Yorkshire and the Humber,E12000003,1,TM,380,236.12,5823700000
2009,8,Yorkshire and the Humber,E12000003,2,PM,3.5,2.17,43400000
2009,8,Yorkshire and the Humber,E12000003,3,TA,370.4,230.16,2307500000
2009,8,Yorkshire and the Humber,E12000003,4,PA,2964.3,1841.93,8514000000
2009,8,Yorkshire and the Humber,E12000003,5,M,28335.8,17607.05,9169500000
2009,9,South East,E12000008,1,TM,644,400.16,13721100000
2009,9,South East,E12000008,2,PM,10.6,6.59,173200000
2009,9,South East,E12000008,3,TA,669.3,415.88,6154600000
2009,9,South East,E12000008,4,PA,4559.4,2833.08,15100300000
2009,9,South East,E12000008,5,M,41599.1,25848.48,15514100000
2009,10,West Midlands,E12000005,1,TM,427,265.33,7685400000
2009,10,West Midlands,E12000005,2,PM,3.2,1.99,58800000
2009,10,West Midlands,E12000005,3,TA,456.1,283.41,2648800000
2009,10,West Midlands,E12000005,4,PA,3074.5,1910.41,8646900000
2009,10,West Midlands,E12000005,5,M,28874.5,17941.78,10790600000
2009,11,North East,E12000001,1,TM,55.6,34.55,684000000
2009,11,North East,E12000001,2,PM,2.4,1.49,32500000
2009,11,North East,E12000001,3,TA,340.6,211.64,2397300000
2009,11,North East,E12000001,4,PA,1421.6,883.34,3907900000
2009,11,North East,E12000001,5,M,14376.9,8933.39,4189900000
2010,1,South West,E12000009,1,TM,326.8,203.06,5361800000
2010,1,South West,E12000009,3,TA,734.8,456.58,3944600000
2010,1,South West,E12000009,4,PA,4211.2,2616.72,9675700000
2010,1,South West,E12000009,5,M,44631.2,27732.54,12485500000
2010,2,East Midlands,E12000004,1,TM,195.4,121.42,4125200000
2010,2,East Midlands,E12000004,3,TA,550.9,342.31,4115800000
2010,2,East Midlands,E12000004,4,PA,3307.2,2055,8572000000
2010,2,East Midlands,E12000004,5,M,27249.4,16931.99,8997100000
2010,3,Scotland,S92000003,1,TM,406.61,252.66,4041100000
2010,3,Scotland,S92000003,3,TA,2806,1743.57,6034700000
2010,3,Scotland,S92000003,4,PA,7473.3,4643.69,7602000000
2010,3,Scotland,S92000003,5,M,48605.4,30202,8963400000
2010,4,Wales,W92000004,1,TM,141.3,87.8,2024500000
2010,4,Wales,W92000004,3,TA,1546.6,961.01,4064700000
2010,4,Wales,W92000004,4,PA,2617,1626.13,4651200000
2010,4,Wales,W92000004,5,M,29530.8,18349.59,5767800000
2010,5,North West,E12000002,1,TM,614.7,381.96,10781100000
2010,5,North West,E12000002,2,PM,21.3,13.24,241400000
2010,5,North West,E12000002,3,TA,326.8,203.06,1523800000
2010,5,North West,E12000002,4,PA,3678.7,2285.84,10612600000
2010,5,North West,E12000002,5,M,32319,20082.1,10219800000
2010,6,London,E12000007,1,TM,60.1,37.34,1371800000
2010,6,London,E12000007,4,PA,1719.8,1068.63,10709200000
2010,6,London,E12000007,5,M,13039.2,8102.18,7771000000
2010,7,East of England,E12000006,1,TM,265,164.66,5067200000
2010,7,East of England,E12000006,3,TA,769.9,478.39,6004300000
2010,7,East of England,E12000006,4,PA,3103.4,1928.36,9847000000
2010,7,East of England,E12000006,5,M,35470.9,22040.6,12522600000
2010,8,Yorkshire and the Humber,E12000003,1,TM,380.1,236.18,5829100000
2010,8,Yorkshire and the Humber,E12000003,2,PM,3.5,2.17,43000000
2010,8,Yorkshire and the Humber,E12000003,3,TA,298.5,185.48,2125100000
2010,8,Yorkshire and the Humber,E12000003,4,PA,3034.5,1885.55,8522500000
2010,8,Yorkshire and the Humber,E12000003,5,M,28250.6,17554.11,9024300000
2010,9,South East,E12000008,1,TM,644,400.16,13531300000
2010,9,South East,E12000008,2,PM,10.6,6.59,172700000
2010,9,South East,E12000008,3,TA,669.3,415.88,6110700000
2010,9,South East,E12000008,4,PA,4559.1,2832.89,14915600000
2010,9,South East,E12000008,5,M,41670.8,25893.03,15351100000
2010,10,West Midlands,E12000005,1,TM,427,265.33,7670400000
2010,10,West Midlands,E12000005,2,PM,3.2,1.99,57400000
2010,10,West Midlands,E12000005,3,TA,437.6,271.91,2520800000
2010,10,West Midlands,E12000005,4,PA,3089.6,1919.79,8572000000
2010,10,West Midlands,E12000005,5,M,28873.5,17941.16,10610100000
2010,11,North East,E12000001,1,TM,55.6,34.55,670000000
2010,11,North East,E12000001,2,PM,2.4,1.49,31400000
2010,11,North East,E12000001,3,TA,338,210.02,2352400000
2010,11,North East,E12000001,4,PA,1424.2,884.96,3909200000
2010,11,North East,E12000001,5,M,14347.7,8915.25,4080300000
2011,1,South West,E12000009,1,TM,326.8,203.06,5382800000
2011,1,South West,E12000009,3,TA,734.4,456.34,3963200000
2011,1,South West,E12000009,4,PA,4211.2,2616.72,9687200000
2011,1,South West,E12000009,5,M,44624.1,27728.13,12432200000
2011,2,East Midlands,E12000004,1,TM,195.4,121.42,4063400000
2011,2,East Midlands,E12000004,3,TA,587.1,364.81,4523200000
2011,2,East Midlands,E12000004,4,PA,3272.9,2033.69,8276100000
2011,2,East Midlands,E12000004,5,M,27255.5,16935.78,8968700000
2011,3,Scotland,S92000003,1,TM,409.61,254.52,4082300000
2011,3,Scotland,S92000003,3,TA,2806,1743.57,6050600000
2011,3,Scotland,S92000003,4,PA,7478.9,4647.17,7587800000
2011,3,Scotland,S92000003,5,M,48593.5,30194.6,8870000000
2011,4,Wales,W92000004,1,TM,141.3,87.8,2055100000
2011,4,Wales,W92000004,3,TA,1546.6,961.01,4034600000
2011,4,Wales,W92000004,4,PA,2614.6,1624.64,4685700000
2011,4,Wales,W92000004,5,M,29527.2,18347.35,5786900000
2011,5,North West,E12000002,1,TM,624.3,387.92,11056100000
2011,5,North West,E12000002,2,PM,21.3,13.24,233900000
2011,5,North West,E12000002,3,TA,305.1,189.58,1369600000
2011,5,North West,E12000002,4,PA,3686.8,2290.87,10741300000
2011,5,North West,E12000002,5,M,32304.6,20073.15,10262300000
2011,6,London,E12000007,1,TM,60.1,37.34,1323800000
2011,6,London,E12000007,4,PA,1712.9,1064.35,10366300000
2011,6,London,E12000007,5,M,13027.1,8094.66,7805200000
2011,7,East of England,E12000006,1,TM,265,164.66,5288700000
2011,7,East of England,E12000006,3,TA,771.3,479.26,6078600000
2011,7,East of England,E12000006,4,PA,3110.1,1932.53,10003300000
2011,7,East of England,E12000006,5,M,35485.6,22049.73,12309300000
2011,8,Yorkshire and the Humber,E12000003,1,TM,380.1,236.18,5886400000
2011,8,Yorkshire and the Humber,E12000003,2,PM,3.5,2.17,41700000
2011,8,Yorkshire and the Humber,E12000003,3,TA,298,185.17,2175500000
2011,8,Yorkshire and the Humber,E12000003,4,PA,3043.6,1891.21,8573200000
2011,8,Yorkshire and the Humber,E12000003,5,M,28233.8,17543.67,9002500000
2011,9,South East,E12000008,1,TM,644,400.16,13668800000
2011,9,South East,E12000008,2,PM,10.6,6.59,176200000
2011,9,South East,E12000008,3,TA,669.9,416.26,6234200000
2011,9,South East,E12000008,4,PA,4561.5,2834.38,15001700000
2011,9,South East,E12000008,5,M,41728.7,25929.01,15366100000
2011,10,West Midlands,E12000005,1,TM,427,265.33,7784700000
2011,10,West Midlands,E12000005,2,PM,3.2,1.99,60900000
2011,10,West Midlands,E12000005,3,TA,439.1,272.84,2592100000
2011,10,West Midlands,E12000005,4,PA,3107.4,1930.85,8698900000
2011,10,West Midlands,E12000005,5,M,28874.1,17941.53,10619200000
2011,11,North East,E12000001,1,TM,55.6,34.55,681800000
2011,11,North East,E12000001,2,PM,2.4,1.49,31900000
2011,11,North East,E12000001,3,TA,340.5,211.58,2398900000
2011,11,North East,E12000001,4,PA,1425.1,885.52,3931800000
2011,11,North East,E12000001,5,M,14337.8,8909.1,4072200000
2012,1,South West,E12000009,1,TM,326.8,203.06,5335700000
2012,1,South West,E12000009,3,TA,736.5,457.64,3902800000
2012,1,South West,E12000009,4,PA,4210.48,2616.27,9615100000
2012,1,South West,E12000009,5,M,44702.92,27777.11,12543500000
2012,2,East Midlands,E12000004,1,TM,195.4,121.42,4182200000
2012,2,East Midlands,E12000004,3,TA,589.02,366,4611100000
2012,2,East Midlands,E12000004,4,PA,3273.71,2034.19,8185400000
2012,2,East Midlands,E12000004,5,M,27299.5,16963.12,9064200000
2012,3,Scotland,S92000003,1,TM,456.02,283.36,4436900000
2012,3,Scotland,S92000003,3,TA,2802.86,1741.62,5993200000
2012,3,Scotland,S92000003,4,PA,7480.09,4647.91,7469800000
2012,3,Scotland,S92000003,5,M,48645.11,30226.67,8927900000
2012,4,Wales,W92000004,1,TM,141.3,87.8,2075900000
2012,4,Wales,W92000004,3,TA,1546.6,961.01,4012900000
2012,4,Wales,W92000004,4,PA,2614.59,1624.63,4643400000
2012,4,Wales,W92000004,5,M,29554.13,18364.08,5883200000
2012,5,North West,E12000002,1,TM,624.6,388.11,10885500000
2012,5,North West,E12000002,2,PM,21.7,13.48,231700000
2012,5,North West,E12000002,3,TA,305.13,189.6,1348800000
2012,5,North West,E12000002,4,PA,3695.17,2296.07,10651300000
2012,5,North West,E12000002,5,M,32344.99,20098.24,10366900000
2012,6,London,E12000007,1,TM,60.1,37.34,1394600000
2012,6,London,E12000007,4,PA,1713.26,1064.57,10128600000
2012,6,London,E12000007,5,M,13041.17,8103.41,7817300000
2012,7,East of England,E12000006,1,TM,266.8,165.78,5457100000
2012,7,East of England,E12000006,3,TA,773.89,480.87,6145500000
2012,7,East of England,E12000006,4,PA,3111.7,1933.52,9912500000
2012,7,East of England,E12000006,5,M,35557.1,22094.16,12313500000
2012,8,Yorkshire and the Humber,E12000003,1,TM,380,236.12,5780600000
2012,8,Yorkshire and the Humber,E12000003,2,PM,3.5,2.17,41300000
2012,8,Yorkshire and the Humber,E12000003,3,TA,298.02,185.18,2133200000
2012,8,Yorkshire and the Humber,E12000003,4,PA,3045.16,1892.17,8480900000
2012,8,Yorkshire and the Humber,E12000003,5,M,28288.37,17577.58,9095100000
2012,9,South East,E12000008,1,TM,644,400.16,13754800000
2012,9,South East,E12000008,2,PM,10.6,6.59,181600000
2012,9,South East,E12000008,3,TA,673.3,418.37,6206200000
2012,9,South East,E12000008,4,PA,4559.98,2833.44,14816200000
2012,9,South East,E12000008,5,M,41812.21,25980.9,15535100000
2012,10,West Midlands,E12000005,1,TM,427,265.33,7849600000
2012,10,West Midlands,E12000005,2,PM,3.2,1.99,56000000
2012,10,West Midlands,E12000005,3,TA,439.08,272.83,2643800000
2012,10,West Midlands,E12000005,4,PA,3108.35,1931.44,8572100000
2012,10,West Midlands,E12000005,5,M,28911.93,17965.04,10716600000
2012,11,North East,E12000001,1,TM,55.6,34.55,712800000
2012,11,North East,E12000001,2,PM,2.4,1.49,31300000
2012,11,North East,E12000001,3,TA,342.37,212.74,2402800000
2012,11,North East,E12000001,4,PA,1425.21,885.58,3916800000
2012,11,North East,E12000001,5,M,14373.01,8930.97,4095500000
2013,1,South West,E12000009,1,TM,326.8,203.06,5402200000
2013,1,South West,E12000009,3,TA,736.5,457.64,3925500000
2013,1,South West,E12000009,4,PA,4211.28,2616.77,9656700000
2013,1,South West,E12000009,5,M,44778.78,27824.24,12621500000
2013,2,East Midlands,E12000004,1,TM,195.4,121.42,4270200000
2013,2,East Midlands,E12000004,3,TA,589.02,366,4610300000
2013,2,East Midlands,E12000004,4,PA,3274.01,2034.38,8173800000
2013,2,East Midlands,E12000004,5,M,27367.73,17005.52,9138000000
2013,3,Scotland,S92000003,1,TM,456.82,283.85,4512200000
2013,3,Scotland,S92000003,3,TA,2802.86,1741.62,6039600000
2013,3,Scotland,S92000003,4,PA,7481.19,4648.6,7468500000
2013,3,Scotland,S92000003,5,M,48733.32,30281.48,8942400000
2013,4,Wales,W92000004,1,TM,141.3,87.8,2121300000
2013,4,Wales,W92000004,3,TA,1563.8,971.7,4168700000
2013,4,Wales,W92000004,4,PA,2602.09,1616.86,4552200000
2013,4,Wales,W92000004,5,M,29586.66,18384.3,5956100000
2013,5,North West,E12000002,1,TM,624.6,388.11,11070000000
2013,5,North West,E12000002,2,PM,21.7,13.48,250300000
2013,5,North West,E12000002,3,TA,305.13,189.6,1360000000
2013,5,North West,E12000002,4,PA,3693.82,2295.23,10566100000
2013,5,North West,E12000002,5,M,32382.05,20121.27,10388200000
2013,6,London,E12000007,1,TM,60.1,37.34,1397000000
2013,6,London,E12000007,4,PA,1713.16,1064.51,10184400000
2013,6,London,E12000007,5,M,13056.38,8112.86,7733100000
2013,7,East of England,E12000006,1,TM,266.8,165.78,5616100000
2013,7,East of England,E12000006,3,TA,773.89,480.87,6211800000
2013,7,East of England,E12000006,4,PA,3111.42,1933.35,9970000000
2013,7,East of England,E12000006,5,M,35613.33,22129.1,12262300000
2013,8,Yorkshire and the Humber,E12000003,1,TM,401.3,249.36,6085400000
2013,8,Yorkshire and the Humber,E12000003,2,PM,3.5,2.17,45600000
2013,8,Yorkshire and the Humber,E12000003,3,TA,278.82,173.25,1955400000
2013,8,Yorkshire and the Humber,E12000003,4,PA,3061.66,1902.43,8510900000
2013,8,Yorkshire and the Humber,E12000003,5,M,28303.86,17587.2,9120900000
2013,9,South East,E12000008,1,TM,644,400.16,13698500000
2013,9,South East,E12000008,2,PM,10.6,6.59,173600000
2013,9,South East,E12000008,3,TA,673.3,418.37,6204300000
2013,9,South East,E12000008,4,PA,4559.98,2833.44,14766700000
2013,9,South East,E12000008,5,M,41902.15,26036.79,15632300000
2013,10,West Midlands,E12000005,1,TM,427,265.33,7880400000
2013,10,West Midlands,E12000005,2,PM,3.2,1.99,59700000
2013,10,West Midlands,E12000005,3,TA,439.08,272.83,2640700000
2013,10,West Midlands,E12000005,4,PA,3108.45,1931.5,8506100000
2013,10,West Midlands,E12000005,5,M,28950.42,17988.96,10735000000
2013,11,North East,E12000001,1,TM,55.6,34.55,721200000
2013,11,North East,E12000001,2,PM,2.4,1.49,34900000
2013,11,North East,E12000001,3,TA,342.17,212.61,2411200000
2013,11,North East,E12000001,4,PA,1427.81,887.2,3930000000
2013,11,North East,E12000001,5,M,14395.54,8944.97,4077700000
2014,1,South West,E12000009,1,TM,326.8,203.06,5563900000
2014,1,South West,E12000009,2,PM,0,0,0
2014,1,South West,E12000009,3,TA,736.5,457.64,3939200000
2014,1,South West,E12000009,4,PA,4216.57,2620.06,9849300000
2014,1,South West,E12000009,5,M,44816.63,27847.76,13249900000
2014,2,East Midlands,E12000004,1,TM,195.4,121.42,4197200000
2014,2,East Midlands,E12000004,2,PM,0,0,0
2014,2,East Midlands,E12000004,3,TA,589.02,366,4732000000
2014,2,East Midlands,E12000004,4,PA,3274.01,2034.38,8360600000
2014,2,East Midlands,E12000004,5,M,27386.77,17017.35,9586200000
2014,3,Scotland,S92000003,1,TM,456.82,283.85,4610900000
2014,3,Scotland,S92000003,2,PM,0,0,0
2014,3,Scotland,S92000003,3,TA,2793.96,1736.09,6018900000
2014,3,Scotland,S92000003,4,PA,7480.19,4647.97,7640800000
2014,3,Scotland,S92000003,5,M,48676.72,30246.31,9329100000
2014,4,Wales,W92000004,1,TM,141.8,88.11,2228500000
2014,4,Wales,W92000004,2,PM,0,0,0
2014,4,Wales,W92000004,3,TA,1547.5,961.57,4207600000
2014,4,Wales,W92000004,4,PA,2637.39,1638.8,4726600000
2014,4,Wales,W92000004,5,M,29590.46,18386.66,6285700000
2014,5,North West,E12000002,1,TM,624.6,388.11,11294700000
2014,5,North West,E12000002,2,PM,21.7,13.48,261900000
2014,5,North West,E12000002,3,TA,305.43,189.79,1397500000
2014,5,North West,E12000002,4,PA,3692.82,2294.61,10751200000
2014,5,North West,E12000002,5,M,32381.17,20120.73,10808100000
2014,6,London,E12000007,1,TM,60.1,37.34,1468300000
2014,6,London,E12000007,2,PM,0,0,0
2014,6,London,E12000007,3,TA,0,0,0
2014,6,London,E12000007,4,PA,1717.66,1067.3,10284900000
2014,6,London,E12000007,5,M,13065.08,8118.26,7927200000
2014,7,East of England,E12000006,1,TM,262.2,162.92,5781400000
2014,7,East of England,E12000006,2,PM,0,0,0
2014,7,East of England,E12000006,3,TA,778.89,483.98,6375800000
2014,7,East of England,E12000006,4,PA,3114.62,1935.34,10231300000
2014,7,East of England,E12000006,5,M,35651.54,22152.84,12729000000
2014,8,Yorkshire and the Humber,E12000003,1,TM,401.3,249.36,6351000000
2014,8,Yorkshire and the Humber,E12000003,2,PM,3.5,2.17,46600000
2014,8,Yorkshire and the Humber,E12000003,3,TA,278.82,173.25,2011700000
2014,8,Yorkshire and the Humber,E12000003,4,PA,3070.56,1907.96,8649400000
2014,8,Yorkshire and the Humber,E12000003,5,M,28279.74,17572.22,9509700000
2014,9,South East,E12000008,1,TM,644,400.16,13924200000
2014,9,South East,E12000008,2,PM,10.6,6.59,165900000
2014,9,South East,E12000008,3,TA,673.3,418.37,6368500000
2014,9,South East,E12000008,4,PA,4559.68,2833.25,15076200000
2014,9,South East,E12000008,5,M,41958.06,26071.53,16372400000
2014,10,West Midlands,E12000005,1,TM,434.7,270.11,8082900000
2014,10,West Midlands,E12000005,2,PM,3.2,1.99,61300000
2014,10,West Midlands,E12000005,3,TA,439.08,272.83,2670300000
2014,10,West Midlands,E12000005,4,PA,3109.25,1932,8731900000
2014,10,West Midlands,E12000005,5,M,28972.31,18002.56,11186100000
2014,11,North East,E12000001,1,TM,55.6,34.55,717800000
2014,11,North East,E12000001,2,PM,2.4,1.49,35500000
2014,11,North East,E12000001,3,TA,342.17,212.61,2470300000
2014,11,North East,E12000001,4,PA,1427.81,887.2,3995800000
2014,11,North East,E12000001,5,M,14411.47,8954.87,4224400000
2015,1,South West,E12000009,1,TM,326.8,203.06,5687000000
2015,1,South West,E12000009,2,PM,0,0,0
2015,1,South West,E12000009,3,TA,736.5,457.64,4027600000
2015,1,South West,E12000009,4,PA,4213.8,2618.33,9984500000
2015,1,South West,E12000009,5,M,44816.75,27847.84,13490900000
2015,2,East Midlands,E12000004,1,TM,195.4,121.42,4151300000
2015,2,East Midlands,E12000004,2,PM,0,0,0
2015,2,East Midlands,E12000004,3,TA,589.3,366.17,4944900000
2015,2,East Midlands,E12000004,4,PA,3283.2,2040.09,8550900000
2015,2,East Midlands,E12000004,5,M,27415.39,17035.13,9777500000
2015,3,Scotland,S92000003,1,TM,455.83,283.24,4646200000
2015,3,Scotland,S92000003,2,PM,0,0,0
2015,3,Scotland,S92000003,3,TA,2793.96,1736.09,6126200000
2015,3,Scotland,S92000003,4,PA,7480.19,4647.97,7763800000
2015,3,Scotland,S92000003,5,M,48615.15,30208.05,9452500000
2015,4,Wales,W92000004,1,TM,141.8,88.11,2287900000
2015,4,Wales,W92000004,2,PM,0,0,0
2015,4,Wales,W92000004,3,TA,1547.5,961.57,4298400000
2015,4,Wales,W92000004,4,PA,2641.19,1641.16,4837700000
2015,4,Wales,W92000004,5,M,29550.52,18361.84,6433900000
2015,5,North West,E12000002,1,TM,624.6,388.11,11526800000
2015,5,North West,E12000002,2,PM,21.7,13.48,268000000
2015,5,North West,E12000002,3,TA,289.5,179.89,1356100000
2015,5,North West,E12000002,4,PA,3699.2,2298.58,10918700000
2015,5,North West,E12000002,5,M,32396.76,20130.41,10969900000
2015,6,London,E12000007,1,TM,60.1,37.34,1498800000
2015,6,London,E12000007,2,PM,0,0,0
2015,6,London,E12000007,3,TA,0,0,0
2015,6,London,E12000007,4,PA,1719,1068.14,10222400000
2015,6,London,E12000007,5,M,13017.05,8088.42,7929000000
2015,7,East of England,E12000006,1,TM,261.9,162.74,5995000000
2015,7,East of England,E12000006,2,PM,0,0,0
2015,7,East of England,E12000006,3,TA,779.8,484.55,6639900000
2015,7,East of England,E12000006,4,PA,3117.8,1937.31,10431200000
2015,7,East of England,E12000006,5,M,35722.1,22196.68,12880000000
2015,8,Yorkshire and the Humber,E12000003,1,TM,411.6,255.76,6791100000
2015,8,Yorkshire and the Humber,E12000003,2,PM,3.5,2.17,44000000
2015,8,Yorkshire and the Humber,E12000003,3,TA,269.1,167.21,1865300000
2015,8,Yorkshire and the Humber,E12000003,4,PA,3063.5,1903.57,8765400000
2015,8,Yorkshire and the Humber,E12000003,5,M,28270.27,17566.33,9650300000
2015,9,South East,E12000008,1,TM,644,400.16,14426200000
2015,9,South East,E12000008,2,PM,10.6,6.59,171000000
2015,9,South East,E12000008,3,TA,673.2,418.31,6696700000
2015,9,South East,E12000008,4,PA,4560.7,2833.89,15369400000
2015,9,South East,E12000008,5,M,42008.38,26102.8,16676300000
2015,10,West Midlands,E12000005,1,TM,434.5,269.99,8179600000
2015,10,West Midlands,E12000005,2,PM,3.2,1.99,63200000
2015,10,West Midlands,E12000005,3,TA,439.1,272.84,2739200000
2015,10,West Midlands,E12000005,4,PA,3108.9,1931.78,8880500000
2015,10,West Midlands,E12000005,5,M,29023.43,18034.32,11372900000
2015,11,North East,E12000001,1,TM,55.6,34.55,722000000
2015,11,North East,E12000001,2,PM,2.4,1.49,35500000
2015,11,North East,E12000001,3,TA,342.2,212.63,2498600000
2015,11,North East,E12000001,4,PA,1428.4,887.57,4072600000
2015,11,North East,E12000001,5,M,14437.81,8971.24,4271700000
2016,1,South West,E12000009,1,TM,326.8,203.06,5821900000
2016,1,South West,E12000009,2,PM,0,0,0
2016,1,South West,E12000009,3,TA,737.3,458.14,4237900000
2016,1,South West,E12000009,4,PA,4212,2617.22,10301900000
2016,1,South West,E12000009,5,M,44995.44,27958.87,13977200000
2016,2,East Midlands,E12000004,1,TM,196.9,122.35,4256900000
2016,2,East Midlands,E12000004,2,PM,0,0,0
2016,2,East Midlands,E12000004,3,TA,589.3,366.17,5075000000
2016,2,East Midlands,E12000004,4,PA,3289.6,2044.06,8764000000
2016,2,East Midlands,E12000004,5,M,27542.73,17114.26,10094100000
2016,3,Scotland,S92000003,1,TM,456.03,283.36,4865000000
2016,3,Scotland,S92000003,2,PM,0,0,0
2016,3,Scotland,S92000003,3,TA,2793.86,1736.02,6301000000
2016,3,Scotland,S92000003,4,PA,7474.69,4644.56,7976200000
2016,3,Scotland,S92000003,5,M,48640.44,30223.77,9784000000
2016,4,Wales,W92000004,1,TM,141.8,88.11,2292300000
2016,4,Wales,W92000004,2,PM,0,0,0
2016,4,Wales,W92000004,3,TA,1546.7,961.07,4547200000
2016,4,Wales,W92000004,4,PA,2649.19,1646.13,4937300000
2016,4,Wales,W92000004,5,M,29588.2,18385.26,6788500000
2016,5,North West,E12000002,1,TM,624.6,388.11,11649800000
2016,5,North West,E12000002,2,PM,21.7,13.48,274000000
2016,5,North West,E12000002,3,TA,289.3,179.76,1420400000
2016,5,North West,E12000002,4,PA,3702.7,2300.75,11041500000
2016,5,North West,E12000002,5,M,32474.74,20178.87,10867600000
2016,6,London,E12000007,1,TM,60.1,37.34,1536600000
2016,6,London,E12000007,2,PM,0,0,0
2016,6,London,E12000007,3,TA,1.3,0.81,10800000
2016,6,London,E12000007,4,PA,1719.5,1068.45,10247300000
2016,6,London,E12000007,5,M,13052.63,8110.53,8288300000
2016,7,East of England,E12000006,1,TM,260.9,162.12,6031600000
2016,7,East of England,E12000006,2,PM,0,0,0
2016,7,East of England,E12000006,3,TA,784.6,487.53,6999100000
2016,7,East of England,E12000006,4,PA,3116.6,1936.57,10666200000
2016,7,East of England,E12000006,5,M,35850.98,22276.77,12897900000
2016,8,Yorkshire and the Humber,E12000003,1,TM,411.9,255.94,7109000000
2016,8,Yorkshire and the Humber,E12000003,2,PM,3.5,2.17,43800000
2016,8,Yorkshire and the Humber,E12000003,3,TA,268.7,166.96,1942200000
2016,8,Yorkshire and the Humber,E12000003,4,PA,3072.2,1908.98,8978300000
2016,8,Yorkshire and the Humber,E12000003,5,M,28323.37,17599.33,9953200000
2016,9,South East,E12000008,1,TM,644,400.16,14569900000
2016,9,South East,E12000008,2,PM,10.6,6.59,180000000
2016,9,South East,E12000008,3,TA,672.2,417.69,6981200000
2016,9,South East,E12000008,4,PA,4566.8,2837.68,15629700000
2016,9,South East,E12000008,5,M,42175.87,26206.87,16923400000
2016,10,West Midlands,E12000005,1,TM,428.8,266.44,8259200000
2016,10,West Midlands,E12000005,2,PM,3.2,1.99,64200000
2016,10,West Midlands,E12000005,3,TA,440.8,273.9,2943200000
2016,10,West Midlands,E12000005,4,PA,3118,1937.44,9089300000
2016,10,West Midlands,E12000005,5,M,29153.21,18114.96,11540900000
2016,11,North East,E12000001,1,TM,55.6,34.55,695700000
2016,11,North East,E12000001,2,PM,2.4,1.49,36400000
2016,11,North East,E12000001,3,TA,341.2,212.01,2635600000
2016,11,North East,E12000001,4,PA,1429.3,888.13,4130300000
2016,11,North East,E12000001,5,M,14456.73,8983,4269200000
2017,1,South West,E12000009,1,TM,327.3,203.37,5912600000
2017,1,South West,E12000009,2,PM,0,0,0
2017,1,South West,E12000009,3,TA,738.8,459.07,4516100000
2017,1,South West,E12000009,4,PA,4221.8,2623.3,10451600000
2017,1,South West,E12000009,5,M,45068.49,28004.26,14423200000
2017,2,East Midlands,E12000004,1,TM,199.9,124.21,4362000000
2017,2,East Midlands,E12000004,2,PM,0,0,0
2017,2,East Midlands,E12000004,3,TA,590.1,366.67,5296900000
2017,2,East Midlands,E12000004,4,PA,3294.4,2047.05,8794500000
2017,2,East Midlands,E12000004,5,M,27604.85,17152.86,10212200000
2017,3,Scotland,S92000003,1,TM,461.3,286.64,5004300000
2017,3,Scotland,S92000003,2,PM,0,0,0
2017,3,Scotland,S92000003,3,TA,2793.9,1736.05,6498900000
2017,3,Scotland,S92000003,4,PA,7478.7,4647.05,7986600000
2017,3,Scotland,S92000003,5,M,48551.5,30168.5,10181600000
2017,4,Wales,W92000004,1,TM,141.8,88.11,2334100000
2017,4,Wales,W92000004,2,PM,0,0,0
2017,4,Wales,W92000004,3,TA,1538.3,955.86,4605700000
2017,4,Wales,W92000004,4,PA,2658,1651.6,4940800000
2017,4,Wales,W92000004,5,M,29521.32,18343.7,6763700000
2017,5,North West,E12000002,1,TM,630.2,391.59,11619200000
2017,5,North West,E12000002,2,PM,23.5,14.6,296300000
2017,5,North West,E12000002,3,TA,294.3,182.87,1531600000
2017,5,North West,E12000002,4,PA,3729,2317.09,10909800000
2017,5,North West,E12000002,5,M,32470.11,20175.99,11039800000
2017,6,London,E12000007,1,TM,60.1,37.34,1558600000
2017,6,London,E12000007,2,PM,0,0,0
2017,6,London,E12000007,3,TA,1.3,0.81,10400000
2017,6,London,E12000007,4,PA,1716.5,1066.58,10385200000
2017,6,London,E12000007,5,M,13064.12,8117.67,8101100000
2017,7,East of England,E12000006,1,TM,263.3,163.61,6169900000
2017,7,East of England,E12000006,2,PM,0,0,0
2017,7,East of England,E12000006,3,TA,779.6,484.42,7243500000
2017,7,East of England,E12000006,4,PA,3108.6,1931.59,10667200000
2017,7,East of England,E12000006,5,M,35900.09,22307.28,13803100000
2017,8,Yorkshire and the Humber,E12000003,1,TM,418.2,259.86,7203600000
2017,8,Yorkshire and the Humber,E12000003,2,PM,3.5,2.17,43100000
2017,8,Yorkshire and the Humber,E12000003,3,TA,276.7,171.93,2013800000
2017,8,Yorkshire and the Humber,E12000003,4,PA,3085.3,1917.12,8966600000
2017,8,Yorkshire and the Humber,E12000003,5,M,28315.29,17594.31,9851800000
2017,9,South East,E12000008,1,TM,645.7,401.22,14651800000
2017,9,South East,E12000008,2,PM,10.6,6.59,174900000
2017,9,South East,E12000008,3,TA,679.4,422.16,7123300000
2017,9,South East,E12000008,4,PA,4565.5,2836.87,15599400000
2017,9,South East,E12000008,5,M,42277.88,26270.26,17065600000
2017,10,West Midlands,E12000005,1,TM,440.6,273.78,8486800000
2017,10,West Midlands,E12000005,2,PM,3.8,2.36,75300000
2017,10,West Midlands,E12000005,3,TA,440.7,273.84,2943900000
2017,10,West Midlands,E12000005,4,PA,3123.7,1940.98,9117500000
2017,10,West Midlands,E12000005,5,M,29187,18135.96,11575800000
2017,11,North East,E12000001,1,TM,55.6,34.55,716400000
2017,11,North East,E12000001,2,PM,2.8,1.74,42300000
2017,11,North East,E12000001,3,TA,347.4,215.86,2734700000
2017,11,North East,E12000001,4,PA,1434.2,891.17,4119200000
2017,11,North East,E12000001,5,M,14494.04,9006.18,4377600000
2018,1,South West,E12000009,1,TM,327.7,203.62,5943900000
2018,1,South West,E12000009,2,PM,0,0,0
2018,1,South West,E12000009,3,TA,745.3,463.11,4571000000
2018,1,South West,E12000009,4,PA,4247.6,2639.34,10564500000
2018,1,South West,E12000009,5,M,44994.9,27958.53,14196000000
2018,2,East Midlands,E12000004,1,TM,199.9,124.21,4364400000
2018,2,East Midlands,E12000004,2,PM,0,0,0
2018,2,East Midlands,E12000004,3,TA,599.7,372.64,5386200000
2018,2,East Midlands,E12000004,4,PA,3326,2066.68,8925800000
2018,2,East Midlands,E12000004,5,M,27581.24,17138.19,10241300000
2018,3,Scotland,S92000003,1,TM,476.4,296.02,5293100000
2018,3,Scotland,S92000003,2,PM,0,0,0
2018,3,Scotland,S92000003,3,TA,2918.3,1813.35,6594500000
2018,3,Scotland,S92000003,4,PA,7397.2,4596.41,7684800000
2018,3,Scotland,S92000003,5,M,48508.77,30141.95,10176200000
2018,4,Wales,W92000004,1,TM,141.8,88.11,2337700000
2018,4,Wales,W92000004,2,PM,0,0,0
2018,4,Wales,W92000004,3,TA,1551.5,964.06,4716700000
2018,4,Wales,W92000004,4,PA,2675.6,1662.54,5025700000
2018,4,Wales,W92000004,5,M,29460.04,18305.62,6848500000
2018,5,North West,E12000002,1,TM,633,393.33,11591400000
2018,5,North West,E12000002,2,PM,23.3,14.48,295700000
2018,5,North West,E12000002,3,TA,299.3,185.98,1581600000
2018,5,North West,E12000002,4,PA,3782.8,2350.52,11063100000
2018,5,North West,E12000002,5,M,32475.58,20179.39,11304600000
2018,6,London,E12000007,1,TM,60.3,37.47,1593900000
2018,6,London,E12000007,2,PM,0,0,0
2018,6,London,E12000007,3,TA,1.6,0.99,13100000
2018,6,London,E12000007,4,PA,1745.5,1084.6,10699500000
2018,6,London,E12000007,5,M,13000.33,8078.03,7686300000
2018,7,East of England,E12000006,1,TM,265,164.66,6264300000
2018,7,East of England,E12000006,2,PM,0,0,0
2018,7,East of England,E12000006,3,TA,793.9,493.31,7424400000
2018,7,East of England,E12000006,4,PA,3166.1,1967.32,10964000000
2018,7,East of England,E12000006,5,M,35778.13,22231.5,13193600000
2018,8,Yorkshire and the Humber,E12000003,1,TM,431.2,267.94,7303000000
2018,8,Yorkshire and the Humber,E12000003,2,PM,3.5,2.17,42800000
2018,8,Yorkshire and the Humber,E12000003,3,TA,272,169.01,1921900000
2018,8,Yorkshire and the Humber,E12000003,4,PA,3144.9,1954.15,9058600000
2018,8,Yorkshire and the Humber,E12000003,5,M,28159.7,17497.63,10249400000
2018,9,South East,E12000008,1,TM,647.3,402.21,14588200000
2018,9,South East,E12000008,2,PM,10.6,6.59,174200000
2018,9,South East,E12000008,3,TA,689.9,428.68,7273200000
2018,9,South East,E12000008,4,PA,4603.4,2860.42,15845600000
2018,9,South East,E12000008,5,M,42292.15,26279.12,16606900000
2018,10,West Midlands,E12000005,1,TM,440.8,273.9,8394000000
2018,10,West Midlands,E12000005,2,PM,3.8,2.36,74800000
2018,10,West Midlands,E12000005,3,TA,449.7,279.43,3027000000
2018,10,West Midlands,E12000005,4,PA,3165.1,1966.7,9288000000
2018,10,West Midlands,E12000005,5,M,29164.72,18122.12,11587200000
2018,11,North East,E12000001,1,TM,55.6,34.55,719900000
2018,11,North East,E12000001,2,PM,2.8,1.74,42000000
2018,11,North East,E12000001,3,TA,350.4,217.73,2763100000
2018,11,North East,E12000001,4,PA,1453.9,903.41,4178900000
2018,11,North East,E12000001,5,M,14502.38,9011.36,4528600000
2019,1,South West,E12000009,1,TM,327.9,203.75,6142100000
2019,1,South West,E12000009,2,PM,0,0,0
2019,1,South West,E12000009,3,TA,747.5,464.47,4733500000
2019,1,South West,E12000009,4,PA,4253.7,2643.13,10683300000
2019,1,South West,E12000009,5,M,45044.65,27989.45,14474600000
2019,2,East Midlands,E12000004,1,TM,199.9,124.21,4599900000
2019,2,East Midlands,E12000004,2,PM,0,0,0
2019,2,East Midlands,E12000004,3,TA,602,374.07,5546300000
2019,2,East Midlands,E12000004,4,PA,3315.4,2060.09,8980600000
2019,2,East Midlands,E12000004,5,M,27662.71,17188.81,10362000000
2019,3,Scotland,S92000003,1,TM,475.6,295.52,5377400000
2019,3,Scotland,S92000003,2,PM,0,0,0
2019,3,Scotland,S92000003,3,TA,2952.5,1834.6,6733300000
2019,3,Scotland,S92000003,4,PA,7409.7,4604.17,7872400000
2019,3,Scotland,S92000003,5,M,48515.44,30146.1,10058500000
2019,4,Wales,W92000004,1,TM,142,88.23,2384800000
2019,4,Wales,W92000004,2,PM,0,0,0
2019,4,Wales,W92000004,3,TA,1551.4,964,4716500000
2019,4,Wales,W92000004,4,PA,2683.3,1667.33,5078200000
2019,4,Wales,W92000004,5,M,29461.37,18306.45,6901700000
2019,5,North West,E12000002,1,TM,632.6,393.08,11968000000
2019,5,North West,E12000002,2,PM,23.3,14.48,307900000
2019,5,North West,E12000002,3,TA,299.6,186.16,1613900000
2019,5,North West,E12000002,4,PA,3793,2356.86,11168000000
2019,5,North West,E12000002,5,M,32539.15,20218.89,11523400000
2019,6,London,E12000007,1,TM,60.3,37.47,1608200000
2019,6,London,E12000007,2,PM,0,0,0
2019,6,London,E12000007,3,TA,1.6,0.99,13100000
2019,6,London,E12000007,4,PA,1747.5,1085.85,10631600000
2019,6,London,E12000007,5,M,13005.45,8081.21,8011500000
2019,7,East of England,E12000006,1,TM,265,164.66,6291100000
2019,7,East of England,E12000006,2,PM,0,0,0
2019,7,East of England,E12000006,3,TA,793.7,493.18,7566100000
2019,7,East of England,E12000006,4,PA,3171.7,1970.8,11046800000
2019,7,East of England,E12000006,5,M,35817.39,22255.89,13060900000
2019,8,Yorkshire and the Humber,E12000003,1,TM,440.3,273.59,7702000000
2019,8,Yorkshire and the Humber,E12000003,2,PM,3.5,2.17,44200000
2019,8,Yorkshire and the Humber,E12000003,3,TA,262.5,163.11,1907900000
2019,8,Yorkshire and the Humber,E12000003,4,PA,3145,1954.21,9124300000
2019,8,Yorkshire and the Humber,E12000003,5,M,28168.74,17503.24,10177300000
2019,9,South East,E12000008,1,TM,648.9,403.21,14564600000
2019,9,South East,E12000008,2,PM,10.6,6.59,164200000
2019,9,South East,E12000008,3,TA,691.8,429.86,7286500000
2019,9,South East,E12000008,4,PA,4613.9,2866.94,15904900000
2019,9,South East,E12000008,5,M,42419.69,26358.37,16967500000
2019,10,West Midlands,E12000005,1,TM,440.8,273.9,8486500000
2019,10,West Midlands,E12000005,2,PM,3.8,2.36,80500000
2019,10,West Midlands,E12000005,3,TA,451.6,280.61,3125500000
2019,10,West Midlands,E12000005,4,PA,3166,1967.26,9347800000
2019,10,West Midlands,E12000005,5,M,29231.29,18163.48,11557500000
2019,11,North East,E12000001,1,TM,55.6,34.55,739500000
2019,11,North East,E12000001,2,PM,2.8,1.74,38100000
2019,11,North East,E12000001,3,TA,351,218.1,2932200000
2019,11,North East,E12000001,4,PA,1454.1,903.54,4187100000
2019,11,North East,E12000001,5,M,14538.49,9033.8,4802500000
2020,1,South West,E12000009,1,TM,327.9,203.75,4437000000
2020,1,South West,E12000009,2,PM,0,0,0
2020,1,South West,E12000009,3,TA,747.5,464.47,3450200000
2020,1,South West,E12000009,4,PA,4255.4,2644.18,8193200000
2020,1,South West,E12000009,5,M,45177.08,28071.74,11754300000
2020,2,East Midlands,E12000004,1,TM,199.9,124.21,3364200000
2020,2,East Midlands,E12000004,2,PM,0,0,0
2020,2,East Midlands,E12000004,3,TA,606,376.55,4104200000
2020,2,East Midlands,E12000004,4,PA,3316.2,2060.59,6927800000
2020,2,East Midlands,E12000004,5,M,27754.01,17245.54,8969600000
2020,3,Scotland,S92000003,1,TM,476.1,295.83,3914200000
2020,3,Scotland,S92000003,2,PM,0,0,0
2020,3,Scotland,S92000003,3,TA,2954,1835.53,4935800000
2020,3,Scotland,S92000003,4,PA,7411.6,4605.35,5987000000
2020,3,Scotland,S92000003,5,M,48432.21,30094.38,8331500000
2020,4,Wales,W92000004,1,TM,142,88.23,1711100000
2020,4,Wales,W92000004,2,PM,0,0,0
2020,4,Wales,W92000004,3,TA,1552.2,964.49,3258600000
2020,4,Wales,W92000004,4,PA,2682.4,1666.77,3885500000
2020,4,Wales,W92000004,5,M,29474.47,18314.59,5717900000
2020,5,North West,E12000002,1,TM,634,393.95,9072000000
2020,5,North West,E12000002,2,PM,23.3,14.48,275000000
2020,5,North West,E12000002,3,TA,301,187.03,1185500000
2020,5,North West,E12000002,4,PA,3787.5,2353.44,8721600000
2020,5,North West,E12000002,5,M,32605,20259.81,9868800000
2020,6,London,E12000007,1,TM,60.3,37.47,1223500000
2020,6,London,E12000007,2,PM,0,0,0
2020,6,London,E12000007,3,TA,1.6,0.99,7600000
2020,6,London,E12000007,4,PA,1749.9,1087.34,8834400000
2020,6,London,E12000007,5,M,12994.52,8074.42,6548100000
2020,7,East of England,E12000006,1,TM,265,164.66,5117500000
2020,7,East of England,E12000006,2,PM,0,0,0
2020,7,East of England,E12000006,3,TA,819,508.9,5954900000
2020,7,East of England,E12000006,4,PA,3183,1977.82,8724100000
2020,7,East of England,E12000006,5,M,35950.57,22338.65,10582800000
2020,8,Yorkshire and the Humber,E12000003,1,TM,440.3,273.59,5869600000
2020,8,Yorkshire and the Humber,E12000003,2,PM,3.5,2.17,34100000
2020,8,Yorkshire and the Humber,E12000003,3,TA,262.9,163.36,1427200000
2020,8,Yorkshire and the Humber,E12000003,4,PA,3146,1954.83,7087900000
2020,8,Yorkshire and the Humber,E12000003,5,M,28241.84,17548.67,8704700000
2020,9,South East,E12000008,1,TM,649.3,403.46,10639300000
2020,9,South East,E12000008,2,PM,10.6,6.59,112800000
2020,9,South East,E12000008,3,TA,695.6,432.23,5422600000
2020,9,South East,E12000008,4,PA,4613,2866.39,12300100000
2020,9,South East,E12000008,5,M,42579.27,26457.53,13943900000
2020,10,West Midlands,E12000005,1,TM,440.8,273.9,6267700000
2020,10,West Midlands,E12000005,2,PM,3.8,2.36,56000000
2020,10,West Midlands,E12000005,3,TA,453,281.48,2306900000
2020,10,West Midlands,E12000005,4,PA,3166.1,1967.32,7238100000
2020,10,West Midlands,E12000005,5,M,29332.35,18226.28,9355300000
2020,11,North East,E12000001,1,TM,55.6,34.55,552800000
2020,11,North East,E12000001,2,PM,2.8,1.74,28300000
2020,11,North East,E12000001,3,TA,351,218.1,2155500000
2020,11,North East,E12000001,4,PA,1455.7,904.53,3284000000
2020,11,North East,E12000001,5,M,14572.29,9054.8,4049200000
2021,1,South West,E12000009,1,TM,327.9,203.75,5269800000
2021,1,South West,E12000009,2,PM,0,0,0
2021,1,South West,E12000009,3,TA,747.5,464.47,4078800000
2021,1,South West,E12000009,4,PA,4254.9,2643.87,9168900000
2021,1,South West,E12000009,5,M,45236.04,28108.37,13091800000
2021,2,East Midlands,E12000004,1,TM,199.9,124.21,3834800000
2021,2,East Midlands,E12000004,2,PM,0,0,0
2021,2,East Midlands,E12000004,3,TA,619.8,385.13,4924700000
2021,2,East Midlands,E12000004,4,PA,3324.9,2066,7751300000
2021,2,East Midlands,E12000004,5,M,27809.46,17280,9753000000
2021,3,Scotland,S92000003,1,TM,475.3,295.34,4615500000
2021,3,Scotland,S92000003,2,PM,0,0,0
2021,3,Scotland,S92000003,3,TA,2954,1835.53,5874400000
2021,3,Scotland,S92000003,4,PA,7405.4,4601.5,6565900000
2021,3,Scotland,S92000003,5,M,48427.56,30091.49,9647600000
2021,4,Wales,W92000004,1,TM,142,88.23,1988000000
2021,4,Wales,W92000004,2,PM,0,0,0
2021,4,Wales,W92000004,3,TA,1552.1,964.43,3906300000
2021,4,Wales,W92000004,4,PA,2683.1,1667.2,4289900000
2021,4,Wales,W92000004,5,M,29453.75,18301.71,6301800000
2021,5,North West,E12000002,1,TM,634,393.95,10451200000
2021,5,North West,E12000002,2,PM,22.7,14.11,312800000
2021,5,North West,E12000002,3,TA,301.2,187.16,1362200000
2021,5,North West,E12000002,4,PA,3789.2,2354.5,9738300000
2021,5,North West,E12000002,5,M,32656.96,20292.09,10632000000
2021,6,London,E12000007,1,TM,60.3,37.47,1329600000
2021,6,London,E12000007,2,PM,0,0,0
2021,6,London,E12000007,3,TA,1.6,0.99,8900000
2021,6,London,E12000007,4,PA,1750.1,1087.46,9445800000
2021,6,London,E12000007,5,M,12996.32,8075.54,7668900000
2021,7,East of England,E12000006,1,TM,265.3,164.85,5438800000
2021,7,East of England,E12000006,2,PM,0,0,0
2021,7,East of England,E12000006,3,TA,799,496.48,6628100000
2021,7,East of England,E12000006,4,PA,3210,1994.6,9685900000
2021,7,East of England,E12000006,5,M,36019.99,22381.78,11975100000
2021,8,Yorkshire and the Humber,E12000003,1,TM,441.5,274.34,6832700000
2021,8,Yorkshire and the Humber,E12000003,2,PM,3.5,2.17,37300000
2021,8,Yorkshire and the Humber,E12000003,3,TA,262.5,163.11,1650000000
2021,8,Yorkshire and the Humber,E12000003,4,PA,3141.1,1951.79,7839100000
2021,8,Yorkshire and the Humber,E12000003,5,M,28275.06,17569.31,9037500000
2021,9,South East,E12000008,1,TM,649.5,403.58,11979800000
2021,9,South East,E12000008,2,PM,10.6,6.59,124100000
2021,9,South East,E12000008,3,TA,696.1,432.54,6272800000
2021,9,South East,E12000008,4,PA,4613.9,2866.94,13698000000
2021,9,South East,E12000008,5,M,42709.45,26538.42,14830600000
2021,10,West Midlands,E12000005,1,TM,441.2,274.15,7283500000
2021,10,West Midlands,E12000005,2,PM,3.8,2.36,59700000
2021,10,West Midlands,E12000005,3,TA,455.2,282.85,2648800000
2021,10,West Midlands,E12000005,4,PA,3167,1967.88,8034900000
2021,10,West Midlands,E12000005,5,M,29387.26,18260.4,10274100000
2021,11,North East,E12000001,1,TM,55.6,34.55,674900000
2021,11,North East,E12000001,2,PM,2.8,1.74,31000000
2021,11,North East,E12000001,3,TA,351.5,218.41,2491100000
2021,11,North East,E12000001,4,PA,1456,904.72,3670400000
2021,11,North East,E12000001,5,M,14594.84,9068.81,4347900000
2022,1,South West,E12000009,1,TM,327.9,203.75,5906800000
2022,1,South West,E12000009,2,PM,0,0,0
2022,1,South West,E12000009,3,TA,750.1,466.09,4533800000
2022,1,South West,E12000009,4,PA,4256.7,2644.99,10023300000
2022,1,South West,E12000009,5,M,44492.66,27646.46,13406000000
2022,2,East Midlands,E12000004,1,TM,199.9,124.21,4346100000
2022,2,East Midlands,E12000004,2,PM,0,0,0
2022,2,East Midlands,E12000004,3,TA,619.8,385.13,5586000000
2022,2,East Midlands,E12000004,4,PA,3323.7,2065.25,8457200000
2022,2,East Midlands,E12000004,5,M,27056.36,16812.04,10371400000
2022,3,Scotland,S92000003,1,TM,479.2,297.76,5163700000
2022,3,Scotland,S92000003,2,PM,0,0,0
2022,3,Scotland,S92000003,3,TA,2959.9,1839.2,6564400000
2022,3,Scotland,S92000003,4,PA,7406.8,4602.37,7110700000
2022,3,Scotland,S92000003,5,M,48562.77,30175.51,10339100000
2022,4,Wales,W92000004,1,TM,142,88.23,2270100000
2022,4,Wales,W92000004,2,PM,0,0,0
2022,4,Wales,W92000004,3,TA,1563.6,971.58,4532400000
2022,4,Wales,W92000004,4,PA,2685.2,1668.51,4645600000
2022,4,Wales,W92000004,5,M,29491.99,18325.47,6705500000
2022,5,North West,E12000002,1,TM,633.9,393.89,11697700000
2022,5,North West,E12000002,2,PM,22.7,14.11,334600000
2022,5,North West,E12000002,3,TA,303,188.28,1510700000
2022,5,North West,E12000002,4,PA,3793.1,2356.92,10558100000
2022,5,North West,E12000002,5,M,32066.84,19925.41,11021500000
2022,6,London,E12000007,1,TM,60.3,37.47,1511400000
2022,6,London,E12000007,2,PM,0,0,0
2022,6,London,E12000007,3,TA,1.6,0.99,11000000
2022,6,London,E12000007,4,PA,1749.4,1087.03,9839100000
2022,6,London,E12000007,5,M,13001.39,8078.69,7727900000
2022,7,East of England,E12000006,1,TM,269.9,167.71,6296200000
2022,7,East of England,E12000006,2,PM,0,0,0
2022,7,East of England,E12000006,3,TA,800.5,497.41,7457600000
2022,7,East of England,E12000006,4,PA,3216.5,1998.64,10605900000
2022,7,East of England,E12000006,5,M,35293.37,21930.28,12711900000
2022,8,Yorkshire and the Humber,E12000003,1,TM,441.7,274.46,7541100000
2022,8,Yorkshire and the Humber,E12000003,2,PM,3.5,2.17,40800000
2022,8,Yorkshire and the Humber,E12000003,3,TA,262.5,163.11,1802900000
2022,8,Yorkshire and the Humber,E12000003,4,PA,3148.7,1956.51,8537700000
2022,8,Yorkshire and the Humber,E12000003,5,M,27325.56,16979.32,9352000000
2022,9,South East,E12000008,1,TM,649.5,403.58,13835400000
2022,9,South East,E12000008,2,PM,10.5,6.52,151500000
2022,9,South East,E12000008,3,TA,697.9,433.65,6948600000
2022,9,South East,E12000008,4,PA,4613.4,2866.63,14819500000
2022,9,South East,E12000008,5,M,42247.75,26251.53,15865200000
2022,10,West Midlands,E12000005,1,TM,441.2,274.15,8299200000
2022,10,West Midlands,E12000005,2,PM,3.8,2.36,71400000
2022,10,West Midlands,E12000005,3,TA,455.9,283.28,2918500000
2022,10,West Midlands,E12000005,4,PA,3172.2,1971.11,8722600000
2022,10,West Midlands,E12000005,5,M,29121.68,18095.37,11246500000
2022,11,North East,E12000001,1,TM,55.6,34.55,738300000
2022,11,North East,E12000001,2,PM,2.8,1.74,44800000
2022,11,North East,E12000001,3,TA,353.1,219.41,2783700000
2022,11,North East,E12000001,4,PA,1457.5,905.65,4000300000
2022,11,North East,E12000001,5,M,14491.18,9004.4,4711600000
2023,1,South West,E12000009,1,TM,327.9,203.75,6016000000
2023,1,South West,E12000009,2,PM,0,0,0
2023,1,South West,E12000009,3,TA,750.1,466.09,4670200000
2023,1,South West,E12000009,4,PA,4260.6,2647.41,10325300000
2023,1,South West,E12000009,5,M,44597.12,27711.37,13671900000
2023,2,East Midlands,E12000004,1,TM,199.9,124.21,4475300000
2023,2,East Midlands,E12000004,2,PM,0,0,0
2023,2,East Midlands,E12000004,3,TA,620.9,385.81,5667500000
2023,2,East Midlands,E12000004,4,PA,3325.5,2066.37,8661200000
2023,2,East Midlands,E12000004,5,M,27157.74,16875.04,10568600000
2023,3,Scotland,S92000003,1,TM,480,298.26,5388800000
2023,3,Scotland,S92000003,2,PM,0,0,0
2023,3,Scotland,S92000003,3,TA,2951,1833.67,6690000000
2023,3,Scotland,S92000003,4,PA,7412.6,4605.98,7276000000
2023,3,Scotland,S92000003,5,M,48686.89,30252.63,10482300000
2023,4,Wales,W92000004,1,TM,142,88.23,2308800000
2023,4,Wales,W92000004,2,PM,0,0,0
2023,4,Wales,W92000004,3,TA,1555.5,966.54,4640000000
2023,4,Wales,W92000004,4,PA,2695.2,1674.72,4812900000
2023,4,Wales,W92000004,5,M,29524.87,18345.9,6737400000
2023,5,North West,E12000002,1,TM,635.2,394.69,11912700000
2023,5,North West,E12000002,2,PM,22.7,14.11,312100000
2023,5,North West,E12000002,3,TA,303.2,188.4,1565200000
2023,5,North West,E12000002,4,PA,3796.6,2359.1,10865200000
2023,5,North West,E12000002,5,M,32162.6,19984.91,11261200000
2023,6,London,E12000007,1,TM,60.3,37.47,1556300000
2023,6,London,E12000007,2,PM,0,0,0
2023,6,London,E12000007,3,TA,1.6,0.99,12400000
2023,6,London,E12000007,4,PA,1750.8,1087.9,9785100000
2023,6,London,E12000007,5,M,13004.69,8080.74,7842800000
2023,7,East of England,E12000006,1,TM,272.8,169.51,6485900000
2023,7,East of England,E12000006,2,PM,0,0,0
2023,7,East of England,E12000006,3,TA,800.5,497.41,7524300000
2023,7,East of England,E12000006,4,PA,3223.7,2003.11,10980300000
2023,7,East of England,E12000006,5,M,35415.8,22006.36,12910800000
2023,8,Yorkshire and the Humber,E12000003,1,TM,441.7,274.46,7706000000
2023,8,Yorkshire and the Humber,E12000003,2,PM,3.5,2.17,41500000
2023,8,Yorkshire and the Humber,E12000003,3,TA,261.8,162.67,1833400000
2023,8,Yorkshire and the Humber,E12000003,4,PA,3149.4,1956.95,8835700000
2023,8,Yorkshire and the Humber,E12000003,5,M,27403.41,17027.69,9462300000
2023,9,South East,E12000008,1,TM,649.5,403.58,14194600000
2023,9,South East,E12000008,2,PM,10.5,6.52,153900000
2023,9,South East,E12000008,3,TA,697.9,433.65,7049800000
2023,9,South East,E12000008,4,PA,4617.2,2869,15305700000
2023,9,South East,E12000008,5,M,42398.97,26345.5,16119000000
2023,10,West Midlands,E12000005,1,TM,441.2,274.15,8448800000
2023,10,West Midlands,E12000005,2,PM,3.8,2.36,77600000
2023,10,West Midlands,E12000005,3,TA,457.1,284.03,3042300000
2023,10,West Midlands,E12000005,4,PA,3169,1969.13,8957900000
2023,10,West Midlands,E12000005,5,M,29207.53,18148.72,11494000000
2023,11,North East,E12000001,1,TM,55.6,34.55,756900000
2023,11,North East,E12000001,2,PM,2.8,1.74,46100000
2023,11,North East,E12000001,3,TA,353.8,219.84,2928700000
2023,11,North East,E12000001,4,PA,1457.2,905.46,4131700000
2023,11,North East,E12000001,5,M,14534.3,9031.2,4804100000
